Numero;Especie;Individuo;Hoja;Area;Biomasa_g;AreaSobreBiomas;Observación
0;Ceiba;1;1;223.953172164444;2.3677;94.58680245151159;
1;Ceiba;1;1;223.953172164444;2.3677;94.58680245151159;
2;Ceiba;1;2;251.428027608889;2.2800000000000002;110.27545070565306;
3;Ceiba;1;4;241.074499928889;2.3785;101.35568632705025;
4;Ceiba;1;6;312.889338377778;3.0985000000000005;100.98090636688009;
5;Ceiba;1;7;268.630502164444;2.4174;111.12372886756184;
6;Ceiba;1;8;236.268344666667;2.4357;97.00223536012932;
7;Ceiba;1;9;318.483807475556;3.1769999999999996;100.2467130864199;
8;Ceiba;1;10;319.2484654444449;2.8929;110.3558593260897;
9;Ceiba;1;11;261.658401413333;2.2860000000000005;114.4612429629628;
10;Ceiba;1;12;92.6864812933333;0.8788999999999998;105.4573686350362;
11;Ceiba;1;13;297.777253906667;2.9459;101.08192875069317;
12;Ceiba;1;14;251.5963426844447;2.2473;111.95494267985791;
13;Ceiba;1;15;351.944600768889;2.9189999999999996;120.57026405237721;
14;Nispero;1;1;124.069070857778;1.8598999999999999;66.70738795514706;
15;Nispero;1;2;146.169528448889;1.7302;84.48129028371807;
16;Nispero;1;3;118.793812591111;1.4918000000000002;79.6311922450134;
17;Nispero;1;4;117.424137911111;1.7264;68.0167619967047;
18;Nispero;1;5;111.777482537778;1.6795000000000002;66.55402354139802;
19;Nispero;1;6;162.054227862222;2.1033;77.04760512633577;
20;Nispero;1;7;221.675900733333;2.8926;76.63551847242378;
21;Nispero;1;8;136.486895484444;1.5581;87.59828989438675;
22;Nispero;1;9;152.200412444444;1.8764;81.11298893862929;
23;Nispero;1;10;93.9127154;1.214;77.35808517298187;
24;Nispero;1;13;111.876192017778;1.4635999999999998;76.43904893261684;
25;Nispero;1;14;202.936081582222;2.604;77.93244300392548;
26;Nispero;1;15;140.555274444444;1.6344;85.99808764344345;
27;Chiminago;1;1;46.0171839511111;0.2649999999999999;173.64975075890987;
28;Chiminago;1;3;39.3627886577778;0.36940000000000006;106.55871320459607;
29;Chiminago;1;4;32.3024443555556;0.2633;122.68303970966807;
30;Chiminago;1;5;17.9353763155556;0.12119999999999997;147.9816527686106;
31;Chiminago;1;6;19.38641284;0.18869999999999998;102.73668701642819;
32;Chiminago;1;7;22.6899187777778;0.16600000000000004;136.6862576974566;
33;Chiminago;1;8;40.8126782311111;0.23349999999999993;174.7866305400904;
34;Chiminago;1;9;21.0028253777778;0.1773;118.45925198972249;
35;Chiminago;1;11;31.5185032711111;0.17799999999999994;177.07024309612984;
36;Chiminago;1;12;24.9017423111111;0.21420000000000006;116.2546326382404;
37;Chiminago;1;13;26.4668287866667;0.1906;138.8605917453657;
38;Chiminago;1;14;34.4937661377778;0.2077;166.07494529503032;
39;Chiminago;1;15;21.6218205555556;0.19390000000000007;111.51016274139037;
40;Ebano ;1;1;41.7581960533333;0.24880000000000013;167.83840857449067;
41;Ebano ;1;2;27.2300530666667;0.30099999999999993;90.46529258028805;
42;Ebano ;1;3;33.9240181733333;0.22270000000000012;152.33057105223747;
43;Ebano ;1;5;27.7519875066667;0.08800000000000008;315.3634943939395;
44;Ebano ;1;6;27.5183679022222;0.2530000000000001;108.7682525779533;
45;Ebano ;1;7;22.6951517422222;0.2178;104.20179863279247;
46;Ebano ;1;8;42.8202010977778;0.24120000000000008;177.52985529758615;
47;Ebano ;1;9;51.82441248;0.24730000000000008;209.56090772341278;
48;Ebano ;1;10;14.6681427066667;0.07040000000000002;208.35429981060648;
49;Ebano ;1;11;23.4177309422222;0.0878000000000001;266.7167533282708;
50;Ebano ;1;12;16.7808266533333;0.055299999999999905;303.45075322483416;
51;Ebano ;1;13;25.9469015111111;0.10089999999999999;257.1546234996145;
52;Ebano ;1;14;15.6468504266667;0.054199999999999804;288.6872772447741;
53;Aguacatillo;1;1;60.3823165111111;0.7138;84.5927661965692;
54;Aguacatillo;1;2;63.7871842533333;1.0495;60.77864149912653;
55;Aguacatillo;1;3;64.9280421866667;0.9768999999999999;66.46334546695333;
56;Aguacatillo;1;4;109.842217591111;1.4458000000000002;75.97331414518673;
57;Aguacatillo;1;5;67.9400074888889;0.7545000000000002;90.04639826227817;
58;Aguacatillo;1;6;104.645238737778;1.2296999999999998;85.09818552311785;
59;Aguacatillo;1;7;113.033895795556;1.5404;73.37957400386654;
60;Aguacatillo;1;8;60.8177995111111;0.76112;79.90566469296706;
61;Aguacatillo;1;10;88.8955928177778;1.0956;81.13873020972783;
62;Aguacatillo;1;11;100.211125742222;1.113;90.03695035240071;
63;Aguacatillo;1;13;67.24051068;0.7838;85.78784215361061;
64;Aguacatillo;1;14;105.4804342;1.1994;87.9443340003335;
65;Aguacatillo;1;15;94.2773741688889;1.0913;86.38996991559507;
66;Lirata;1;1;746.39463624;11.2309;66.45902253960057;
67;Lirata;1;2;593.692647737777;9.0892;65.31847112372672;
68;Lirata;1;3;410.628712791111;6.3055;65.12230795196432;
69;Lirata;1;4;400.869234102223;7.981199999999999;50.22668697717424;
70;Lirata;1;5;454.157012831111;8.3064;54.67555292679271;
71;Lirata;1;6;493.970123168889;8.3344;59.26882837023529;
72;Lirata;1;7;319.411117448889;4.6880999999999995;68.13231745246242;
73;Lirata;1;9;311.809483906666;5.4239;57.488059128425306;
74;Lirata;1;10;522.911068871111;9.9695;52.4510826893135;
75;Lirata;1;12;457.052060804445;7.597099999999999;60.161385371318666;
76;Lirata;1;13;571.103445604444;10.1539;56.24473804197835;
77;Lirata;1;14;417.096011684445;6.0004;69.51136785621708;
78;Lirata;1;15;582.161057897777;9.5101;61.2150301151173;
79;Guamo;1;2;438.874821173333;4.8154;91.13984740070045;
80;Guamo;1;3;392.15211892;3.3791;116.05223844218875;
81;Guamo;1;4;521.898884515555;4.8148;108.39471722928367;
82;Guamo;1;5;331.7903041600004;4.1415;80.11355889412059;
83;Guamo;1;7;500.29512844;6.1803;80.94997466789638;
84;Guamo;1;8;634.716078235555;7.548500000000001;84.08506037432005;
85;Guamo;1;9;519.124553146667;6.3831;81.32796809491737;
86;Guamo;1;10;235.236232035556;2.1723999999999997;108.28403242292212;
87;Guamo;1;11;254.2444377466665;3.1337;81.13234762315042;
88;Guamo;1;12;322.45139810666603;4.1012;78.62367065899396;
89;Guamo;1;13;409.12226419111096;5.476999999999999;74.69824067758097;
90;Guamo;1;14;333.279190071111;5.291600000000001;62.98268766934593;
91;Guamo;1;15;220.982497102222;2.9040000000000004;76.0959012059993;
92;Manzano de monte;1;1;472.729018697778;4.2118;112.23918958587254;
93;Manzano de monte;1;2;327.9296667199999;3.1812000000000005;103.08363721865958;
94;Manzano de monte;1;3;287.0804294222218;4.0437;70.99449252472284;
95;Manzano de monte;1;4;256.1677313911112;5.4661;46.8648088017254;
96;Manzano de monte;1;5;426.907031488889;3.7119999999999997;115.00728218989468;
97;Manzano de monte;1;6;207.277148168889;3.6692;56.49110110348005;
98;Manzano de monte;1;7;250.931612831111;2.7037000000000004;92.81044969157487;
99;Manzano de monte;1;8;261.294674542222;3.2337;80.80362264348024;
100;Manzano de monte;1;9;278.0123472;3.4584;80.3875628036086;
101;Manzano de monte;1;10;211.970042008889;2.467;85.9221897076972;
102;Manzano de monte;1;13;233.28275924;2.5473999999999997;91.57680742718067;
103;Manzano de monte;1;14;333.089226293333;3.4691;96.01603479096394;
104;Manzano de monte;1;15;241.85629048;5.3493;45.212698947525844;
105;Naranjo;1;1;58.17794816;0.5439999999999999;106.94475764705884;
106;Naranjo;1;2;37.2926852711111;0.2705000000000001;137.86574961593746;
107;Naranjo;1;3;40.8103126444444;0.37370000000000003;109.2060814676061;
108;Naranjo;1;4;50.5609741466667;0.4284;118.02281546840966;
109;Naranjo;1;5;45.4358947911111;0.3992;113.8173717212202;
110;Naranjo;1;6;47.19538948;0.4217000000000001;111.9169776618449;
111;Naranjo;1;8;21.04447404;0.18019999999999992;116.78398468368485;
112;Naranjo;1;9;53.2061301466667;0.49850000000000005;106.7324576663324;
113;Naranjo;1;10;30.1383626622222;0.2578999999999999;116.86065398302524;
114;Naranjo;1;11;47.3496544044445;0.38260000000000005;123.75759122959879;
115;Naranjo;1;12;53.8651252444445;0.4315;124.83227171366049;
116;Naranjo;1;13;69.3032305688889;0.6449999999999999;107.44686909905258;
117;Naranjo;1;15;43.6136045288889;0.36629999999999985;119.06525942912617;
118;Guayabo;1;1;48.8743108533333;0.5867999999999999;83.28955496478069;
119;Guayabo;1;4;40.7668001866667;0.45089999999999997;90.41206517335706;
120;Guayabo;1;5;48.2685772977778;0.5802999999999999;83.17866155053905;
121;Guayabo;1;6;24.8608821777778;0.29370000000000007;84.64719842620971;
122;Guayabo;1;7;44.1784779511111;0.5790000000000001;76.30134361159084;
123;Guayabo;1;8;25.9164356222222;0.27859999999999996;93.02381773949104;
124;Guayabo;1;9;31.8729111644444;0.40780000000000005;78.15819314478763;
125;Guayabo;1;10;44.3788359733333;0.661;67.13893490670696;
126;Guayabo;1;11;46.2789755422222;0.5569999999999999;83.08613203271491;
127;Guayabo;1;12;38.6638653244444;0.40559999999999985;95.32511174665783;
128;Guayabo;1;13;37.8026484088889;0.37270000000000003;101.42916127955164;
129;Guayabo;1;14;34.6416511466667;0.4771000000000001;72.60878462935798;
130;Guayabo;1;15;32.6282501555556;0.47929999999999995;68.07479690289088;
131;Zapote;1;1;185.283213662222;1.8116999999999999;102.27036135244357;
132;Zapote;1;3;303.964911782222;3.0021000000000004;101.25076172753137;
133;Zapote;1;4;350.854352053333;3.4196;102.60099194447685;
134;Zapote;1;5;308.236444457778;1.9610999999999998;157.17528145315285;
135;Zapote;1;6;239.471922488889;1.7461;137.14673987107784;
136;Zapote;1;7;435.411817346667;3.0975;140.5687868754373;
137;Zapote;1;8;808.190713364445;7.172600000000001;112.6775107163992;
138;Zapote;1;9;376.2218282;3.0997;121.37362589928058;
139;Zapote;1;10;436.739413257778;4.3582;100.21096169468541;
140;Zapote;1;11;421.462096142222;3.5268;119.50269256612849;
141;Zapote;1;13;335.932159675556;2.4505;137.0871902369133;
142;Zapote;1;14;203.926473866667;1.4202000000000001;143.58996892456486;
143;Zapote;1;15;388.848111191111;3.6403;106.81760052498723;
144;Guayacan rosado;1;1;284.267388453333;2.5169;112.94345760790377;
145;Guayacan rosado;1;2;165.603969866667;1.4281000000000001;115.961046051864;
146;Guayacan rosado;1;3;260.726933742222;2.5814999999999997;100.99823116103894;
147;Guayacan rosado;1;4;428.206096991111;4.377800000000001;97.81307894173122;
148;Guayacan rosado;1;5;352.258076844444;3.5488;99.26118035517472;
149;Guayacan rosado;1;6;312.217655133333;2.9222;106.84335607875333;
150;Guayacan rosado;1;7;354.9706162222221;3.8741000000000003;91.62660133249582;
151;Guayacan rosado;1;8;316.031410946667;3.3302000000000005;94.89862799431474;
152;Guayacan rosado;1;9;280.514421048889;2.843;98.66845622542702;
153;Guayacan rosado;1;10;283.661081422222;3.1022999999999996;91.43573523586439;
154;Guayacan rosado;1;11;199.8254068;1.8176;109.93915426936618;
155;Guayacan rosado;1;12;257.565578057778;2.4987;103.079832736134;
156;Guayacan rosado;1;13;157.913662666667;1.4055000000000002;112.35408229574313;
157;Guayacan rosado;1;14;275.639735457778;2.3731999999999998;116.1468630784502;
158;Guayacan rosado;1;15;263.245566697778;2.3703;111.06002054498502;
159;Guayacan rosado;10;2;207.16467527555562;1.7232;120.22091183586096;
160;Guayacan rosado;10;3;192.40993776;0.96;200.4270185;
161;Guayacan rosado;10;4;135.626753835556;1.2377999999999998;109.57081421518502;
162;Guayacan rosado;10;5;333.0024881155558;1.9811999999999999;168.08120740740756;
163;Guayacan rosado;10;6;351.297218551111;1.8901;185.86171025401353;
164;Guayacan rosado;10;7;237.506406706667;2.2824;104.05993984694489;
165;Guayacan rosado;10;8;409.853660577778;2.2237;184.31158005926068;
166;Guayacan rosado;10;9;609.077634888889;3.8895999999999997;156.59132941405002;
167;Guayacan rosado;10;10;465.3829402;2.5713;180.9913040874266;
168;Guayacan rosado;10;12;480.13108274666604;2.8423999999999996;168.91749322638125;
169;Guayacan rosado;10;13;492.4606638222224;4.3984000000000005;111.96359217493232;
170;Guayacan rosado;10;14;202.597229213333;1.1531;175.69788328274478;
171;Guayacan rosado;10;15;100.592415302222;0.5294000000000001;190.01211806237623;
172;Indio desnudo;1;1;208.057720084444;2.3468;88.6559229949054;
173;Indio desnudo;1;2;216.885874471111;2.7585000000000006;78.62456932068551;
174;Indio desnudo;1;3;218.414831986667;1.9221000000000001;113.63343841978408;
175;Indio desnudo;1;5;216.068098328889;2.5835;83.63386813581924;
176;Indio desnudo;1;6;282.0977153733335;2.5309999999999997;111.45701911234038;
177;Indio desnudo;1;7;292.6837157066664;3.5801;81.75294424922947;
178;Indio desnudo;1;8;322.5293190977775;2.9380999999999995;109.77479292664563;
179;Indio desnudo;1;9;212.810398751111;2.0712;102.7473922127805;
180;Indio desnudo;1;10;116.749730657778;1.3849000000000002;84.30192119126146;
181;Indio desnudo;1;11;245.358649066667;2.2009999999999996;111.47598776313814;
182;Indio desnudo;1;12;174.174418675556;1.6018999999999999;108.72989492200264;
183;Indio desnudo;1;13;231.478103351111;2.2884;101.15281565771325;
184;Indio desnudo;1;14;110.628667631111;1.0130000000000001;109.20895126467028;
185;Siempre Verde;1;1;57.6869814;0.29980000000000007;192.41821681120743;
186;Siempre Verde;1;2;76.0542564933333;0.4621000000000002;164.58397856163876;
187;Siempre Verde;1;3;48.1394019288889;0.28490000000000015;168.96946973986968;
188;Siempre Verde;1;5;76.9513873155556;0.4161999999999999;184.89040681296402;
189;Siempre Verde;1;6;158.042479613333;0.8264000000000002;191.24210989028674;
190;Siempre Verde;1;7;75.7874469911111;0.3844000000000001;197.1577705283847;
191;Siempre Verde;1;8;73.8622895511111;0.3858999999999999;191.40266792202934;
192;Siempre Verde;1;9;100.973776546667;0.5362;188.3136451821466;
193;Siempre Verde;1;10;88.8001091377778;0.45930000000000004;193.33792540339167;
194;Siempre Verde;1;11;107.430179404444;0.6830999999999998;157.26859816197342;
195;Siempre Verde;1;12;93.7182355022222;0.5047999999999999;185.6541907730234;
196;Siempre Verde;1;13;119.036034328889;0.6396;186.11012246542998;
197;Siempre Verde;1;14;97.5276185644445;0.4958999999999998;196.66791402388492;
198;Mango;2;1;104.814127288889;1.1392;92.00678308364554;
199;Mango;2;2;74.2126114311111;0.8324;89.1549873031128;
200;Mango;2;3;80.85016088;0.9373;86.25857343433266;
201;Mango;2;4;94.5657606888889;1.1604000000000003;81.49410607453368;
202;Mango;2;5;66.6546337155556;0.8963000000000001;74.36643279655874;
203;Mango;2;6;50.14699648;0.6278000000000001;79.8773438674737;
204;Mango;2;7;41.4118168177778;0.5204;79.5768962678282;
205;Mango;2;8;36.6692456577778;0.41280000000000006;88.83053696167102;
206;Mango;2;9;45.9801230933333;0.6687999999999998;68.75018405103664;
207;Mango;2;10;37.4313229866667;0.42569999999999997;87.92887711220743;
208;Mango;2;11;59.09149472;0.6263999999999998;94.33508097062582;
209;Mango;2;13;46.78764836;0.5083000000000002;92.047311351564;
210;Mango;2;14;30.4281828711111;0.3788;80.32783228910004;
211;Gualanday;Nuevo;1;169.357940853333;2.0107;84.22834876079624;
212;Gualanday;Nuevo;2;262.685496133333;2.9940999999999995;87.73437631786949;
213;Gualanday;Nuevo;3;139.08552828;1.5566;89.35213174868304;
214;Gualanday;Nuevo;5;309.403395528889;3.5371;87.4737484178816;
215;Gualanday;Nuevo;6;198.444836084444;1.9931999999999999;99.56092518786073;
216;Gualanday;Nuevo;7;307.367915728889;3.1341;98.07214694135126;
217;Gualanday;Nuevo;8;158.896384715556;1.6209;98.02972713650195;
218;Gualanday;Nuevo;9;150.926508182222;1.6978999999999997;88.89010435374405;
219;Gualanday;Nuevo;10;206.066254533333;2.1055;97.87046047652956;
220;Gualanday;Nuevo;11;214.30215204;2.2927999999999997;93.46744244591767;
221;Gualanday;Nuevo;12;179.9237261733333;1.9505;92.24492497991967;
222;Gualanday;Nuevo;14;333.542630404444;3.5081999999999995;95.07514691421358;
223;Gualanday;Nuevo;15;366.347511031112;4.3714;83.80553393217549;
224;Caoba;Cafeteria;3;309.248485444445;3.0337;101.93772800357485;
225;Caoba;Cafeteria;4;214.7430113733333;1.9193000000000002;111.88611023463413;
226;Caoba;Cafeteria;5;243.8112686488887;2.6933;90.52510624471418;
227;Caoba;Cafeteria;6;387.497791311111;4.6014;84.21302023538726;
228;Caoba;Cafeteria;7;487.959597555555;4.27;114.27625235493092;
229;Caoba;Cafeteria;8;266.816527297778;2.1849;122.11841608209896;
230;Caoba;Cafeteria;9;432.074404666666;3.7180999999999997;116.20838725872517;
231;Caoba;Cafeteria;10;496.17621194666697;5.1705;95.96290725203887;
232;Caoba;Cafeteria;11;538.140715831111;5.4125;99.42553641221451;
233;Caoba;Cafeteria;12;606.788033733333;5.5718;108.90341249386788;
234;Caoba;Cafeteria;13;433.794759648889;4.1232;105.20827504096067;
235;Caoba;Cafeteria;14;524.38733832;5.339099999999999;98.2164294206889;
236;Caoba;Cafeteria;15;457.142598257778;3.9394;116.04371179818703;
237;Falso Laurel;1;2;15.1772456311111;0.19589999999999996;77.47445447223636;
238;Falso Laurel;1;3;16.17867732;0.17400000000000004;92.980904137931;
239;Falso Laurel;1;4;11.6339552266667;0.11840000000000006;98.2597569819822;
240;Falso Laurel;1;5;9.90506979555556;0.09010000000000007;109.93418197064986;
241;Falso Laurel;1;6;16.0376023333333;0.19540000000000002;82.07575400887052;
242;Falso Laurel;1;7;14.0433410888889;0.17559999999999998;79.97346861554044;
243;Falso Laurel;1;8;16.3950926577778;0.14800000000000002;110.77765309309322;
244;Falso Laurel;1;9;13.1069271911111;0.13740000000000008;95.39248319585947;
245;Falso Laurel;1;10;12.8076446355556;0.13739999999999997;93.21429865760993;
246;Falso Laurel;1;11;10.5280076177778;0.0988;106.55878155645546;
247;Falso Laurel;1;12;14.3706522622222;0.12860000000000005;111.74690717124568;
248;Falso Laurel;1;13;10.6115199955556;0.12090000000000001;87.77105041816046;
249;Falso Laurel;1;15;11.8667146177778;0.14970000000000006;79.26997072663859;
250;Guayacan amarillo;1;2;344.078881733334;2.8586;120.3662218335318;
251;Guayacan amarillo;1;3;235.902969053334;1.6638;141.78565275473855;
252;Guayacan amarillo;1;5;423.294924017777;3.2465;130.3850066279923;
253;Guayacan amarillo;1;6;345.46188972000004;2.2936;150.61993796651552;
254;Guayacan amarillo;1;7;344.77221368;2.871;120.08784872169976;
255;Guayacan amarillo;1;8;324.664942066666;2.7445999999999997;118.29226192037676;
256;Guayacan amarillo;1;9;406.969652008889;2.8844;141.09334766637394;
257;Guayacan amarillo;1;10;245.14990396444398;1.6345;149.98464604738083;
258;Guayacan amarillo;1;11;237.315797768889;1.6181;146.66324563926148;
259;Guayacan amarillo;1;12;365.909877497778;2.2348;163.73271769186414;
260;Guayacan amarillo;1;13;86.7080703111111;0.4768999999999999;181.81604175112417;
261;Guayacan amarillo;1;14;271.3280594933336;2.2497999999999996;120.60096874981495;
262;Guayacan amarillo;1;15;84.5558882355555;0.6675;126.67548799334158;
263;Majagua;1;3;180.208098364444;1.1832999999999998;152.29282376780532;
264;Majagua;1;4;213.85054004;1.4566000000000001;146.81487027323902;
265;Majagua;1;5;95.3165118755556;0.7373000000000001;129.27778634959392;
266;Majagua;1;6;263.040334133333;1.5275999999999998;172.1918919437896;
267;Majagua;1;7;235.62339972;1.2430999999999999;189.54500822138206;
268;Majagua;1;8;225.486215693333;1.5325999999999997;147.12659251816066;
269;Majagua;1;9;228.333020035556;2.1371;106.84245942424593;
270;Majagua;1;10;282.529542466667;2.2481999999999998;125.66922091747489;
271;Majagua;1;11;193.190724728889;1.3584;142.21932032456493;
272;Majagua;1;12;122.567281746667;0.8328;147.1749300512332;
273;Majagua;1;13;208.771410413333;1.3964;149.50688227823903;
274;Majagua;1;14;376.277527013333;3.4504;109.05330599737218;
275;Majagua;1;15;295.263495493333;2.4322999999999997;121.39271286162604;
276;Terminalia;1;1;24.5990905866667;0.18090000000000006;135.98170584116468;
277;Terminalia;1;2;44.3185493555556;0.3700999999999999;119.74749893422214;
278;Terminalia;1;3;29.0208021733333;0.21820000000000006;133.00092655056505;
279;Terminalia;1;4;40.4027148933333;0.32510000000000006;124.2778065005638;
280;Terminalia;1;6;24.6534273955556;0.18509999999999993;133.18977523260727;
281;Terminalia;1;7;40.4983419422222;0.29190000000000005;138.7404657150469;
282;Terminalia;1;8;44.6893013022222;0.38070000000000004;117.38718492834829;
283;Terminalia;1;10;41.6629991111111;0.3277;127.13762316481873;
284;Terminalia;1;11;45.8900874311111;0.38040000000000007;120.63640228998709;
285;Terminalia;1;12;40.9943266133333;0.29979999999999996;136.73891465421383;
286;Terminalia;1;13;20.0517878533333;0.15779999999999994;127.07089894381056;
287;Terminalia;1;14;31.7782876977778;0.2871;110.6871741476064;
288;Terminalia;1;15;30.8316946088889;0.24790000000000012;124.37149902738558;
289;Falso pimiento;1;1;126.348564506667;0.8923500000000002;141.59081583085893;
290;Falso pimiento;1;3;119.756391311111;0.7026999999999999;170.42321233970546;
291;Falso pimiento;1;5;135.612130208889;0.7769999999999999;174.53298611182626;
292;Falso pimiento;1;6;119.278112697778;0.7380999999999998;161.6015617094947;
293;Falso pimiento;1;7;26.8904121688889;0.17819999999999991;150.90018052126214;
294;Falso pimiento;1;8;109.315336924444;0.8904000000000001;122.77104326644653;
295;Falso pimiento;1;9;102.897643666667;0.855;120.34812124756374;
296;Falso pimiento;1;10;134.266899924444;0.7613000000000001;176.36529610461577;
297;Falso pimiento;1;11;134.872275057778;0.9678999999999998;139.34525783425772;
298;Falso pimiento;1;12;104.391189066667;1.2951000000000001;80.60473250456874;
299;Falso pimiento;1;13;73.7826481333333;0.4912000000000001;150.20897421281205;
300;Falso pimiento;1;14;121.230438542222;0.8943000000000001;135.55902777839873;
301;Falso pimiento;1;15;67.5838074844445;0.9048;74.69474744080958;
302;Jabuticaba;1;1;4.15031428;0.0242;171.50059008264464;
303;Jabuticaba;1;2;5.24393216444445;0.02629999999999999;199.38905568229856;
304;Jabuticaba;1;3;3.93382725777778;0.025700000000000056;153.06720847384324;
305;Jabuticaba;1;4;5.58049063111111;0.02760000000000007;202.19168953301073;
306;Jabuticaba;1;5;5.87776602222222;0.02210000000000001;265.9622634489691;
307;Jabuticaba;1;6;5.21576017777778;0.030000000000000027;173.85867259259248;
308;Jabuticaba;1;7;5.43884216888889;0.03290000000000015;165.31435163795942;
309;Jabuticaba;1;8;5.69726459111111;0.03380000000000005;168.55812399736985;
310;Jabuticaba;1;10;6.68500455111111;0.03610000000000002;185.18018147122177;
311;Jabuticaba;1;13;4.26938214222222;0.03370000000000006;126.68789739531786;
312;Jabuticaba;1;14;5.49468435111111;0.029199999999999893;188.17412161339487;
313;Jabuticaba;1;15;5.36364518666667;0.03330000000000011;161.0704260260256;
314;Cerezo;1;3;8.54478577777778;0.05590000000000006;152.85842178493328;
315;Cerezo;1;4;8.97661287111111;0.04960000000000009;180.98009820788496;
316;Cerezo;1;5;7.24292458222222;0.04880000000000018;148.42058570127446;
317;Cerezo;1;6;8.12277945333334;0.0411999999999999;197.15484110032426;
318;Cerezo;1;7;8.11044972888889;0.04279999999999995;189.4964889927313;
319;Cerezo;1;8;7.15045164888889;0.04679999999999995;152.7874283950619;
320;Cerezo;1;9;6.09812400444445;0.036799999999999944;165.70989142512116;
321;Cerezo;1;10;9.10277749333334;0.04420000000000002;205.94519215686282;
322;Cerezo;1;11;7.37912502666667;0.03590000000000004;205.54665812441954;
323;Cerezo;1;12;8.81295728444445;0.04410000000000003;199.84030123456787;
324;Cerezo;1;13;9.26922877333333;0.04740000000000011;195.55334964838204;
325;Cerezo;1;14;6.19009514666667;0.04339999999999988;142.628920430108;
326;Cerezo;1;15;6.26493370666667;0.038000000000000034;164.86667649122802;
327;Carambolo;1;1;131.735292084444;0.9613;137.03868936278374;
328;Carambolo;1;2;134.884963204444;1.0485;128.6456492174001;
329;Carambolo;1;4;108.402220471111;0.8235000000000001;131.6359689995276;
330;Carambolo;1;5;76.5138971511111;0.6635;115.31860911998659;
331;Carambolo;1;6;93.5878414977778;0.8138000000000001;115.00103403511648;
332;Carambolo;1;8;49.6849185511111;0.16369999999999996;303.5120253580398;
333;Carambolo;1;9;132.950630155556;0.794;167.4441185838237;
334;Carambolo;1;10;37.8250139555556;0.15039999999999987;251.4961034278965;
335;Carambolo;1;11;58.93343052;0.33729999999999993;174.72111034687225;
336;Carambolo;1;12;68.3529098888889;0.34350000000000014;198.98954843926893;
337;Carambolo;1;13;64.6283295244445;0.43789999999999996;147.58695940727222;
338;Carambolo;1;14;113.090884928889;0.7827000000000002;144.4881626790456;
339;Carambolo;1;15;29.0833826933333;0.18099999999999983;160.68167233885816;
340;Acasia;1;1;156.128648315556;1.0587;147.47203959153302;
341;Acasia;1;2;151.427367395556;0.8904000000000001;170.06667497254713;
342;Acasia;1;3;154.719188768889;0.9181999999999999;168.50271048670118;
343;Acasia;1;4;149.321493471111;0.9358000000000002;159.56560533352317;
344;Acasia;1;5;91.8292787066667;0.6244000000000001;147.06803124065775;
345;Acasia;1;6;98.0803056311111;0.792;123.83876973625138;
346;Acasia;1;8;90.10433592;0.7107000000000001;126.78251853102573;
347;Acasia;1;9;106.725449631111;0.8278000000000001;128.9266122627579;
348;Acasia;1;10;99.0334936888889;0.7473000000000001;132.5217365032636;
349;Acasia;1;11;120.826281644444;0.6546000000000001;184.58032637403602;
350;Acasia;1;12;106.417995048889;0.7732999999999999;137.61540805494505;
351;Acasia;1;13;166.410993342222;1.0165;163.7097819402086;
352;Acasia;1;15;102.90689096;0.6043000000000001;170.29106562965413;
353;Totumo;1;1;96.0907038755556;0.8499000000000001;113.06118822868055;
354;Totumo;1;2;96.0865461777778;0.7599999999999998;126.42966602339189;
355;Totumo;1;3;58.5557251822222;0.3174999999999999;184.42748088888888;
356;Totumo;1;4;73.2612154844445;0.5344;137.09059783765812;
357;Totumo;1;5;52.8492132977778;0.31000000000000005;170.48133321863804;
358;Totumo;1;6;62.9543543777778;0.33119999999999994;190.07957239667212;
359;Totumo;1;7;104.210185844444;0.7013999999999998;148.5745449735444;
360;Totumo;1;9;35.7584947911111;0.20130000000000003;177.63782807308044;
361;Totumo;1;10;95.4775151377778;0.498;191.721917947345;
362;Totumo;1;12;63.25084124;0.5489999999999999;115.21100408014573;
363;Totumo;1;13;49.6372483955556;0.32889999999999997;150.9189674538024;
364;Totumo;1;14;72.8709653688889;0.5758000000000001;126.55603572228011;
365;Totumo;1;15;49.1892923022222;0.21409999999999996;229.74914667081836;
366;Azuceno;1;1;25.3807377688889;0.1201000000000001;211.33003970765094;
367;Azuceno;1;2;37.7828635022222;0.22009999999999996;171.66226034630716;
368;Azuceno;1;3;28.9563578577778;0.16300000000000003;177.64636722563063;
369;Azuceno;1;4;28.0015210577778;0.1491;187.8036288248008;
370;Azuceno;1;5;24.6059006088889;0.13069999999999982;188.2624377114685;
371;Azuceno;1;6;42.5064382844445;0.24619999999999997;172.65003364924655;
372;Azuceno;1;7;39.20508288;0.22739999999999982;172.40581741424816;
373;Azuceno;1;8;36.8819334044444;0.20450000000000013;180.35175258897007;
374;Azuceno;1;9;33.0342708488889;0.17449999999999988;189.3081424005096;
375;Azuceno;1;10;30.3739894311111;0.15029999999999988;202.08908470466483;
376;Azuceno;1;11;32.7370671422222;0.17609999999999992;185.9004380591835;
377;Azuceno;1;12;27.3451782844444;0.13470000000000004;203.00800508125013;
378;Azuceno;1;15;32.3145590266667;0.2715000000000001;119.02231685696755;
379;Pero de agua;1;1;190.616536328889;2.1167;90.05363836580007;
380;Pero de agua;1;2;189.189800831111;2.4971;75.76380634780786;
381;Pero de agua;1;5;169.384607466667;1.1598;146.04639374604847;
382;Pero de agua;1;6;215.687453928889;1.6698;129.16963344645407;
383;Pero de agua;1;7;203.288267257778;1.8321;110.9591546628339;
384;Pero de agua;1;8;157.92097448;1.2606;125.27445222909726;
385;Pero de agua;1;9;184.543215142222;1.5340999999999998;120.29412368308587;
386;Pero de agua;1;10;187.065575688889;1.6326;114.58138900458715;
387;Pero de agua;1;11;137.987681013333;1.2114999999999998;113.89820966845483;
388;Pero de agua;1;12;181.714977071111;1.5371000000000001;118.21935922913994;
389;Pero de agua;1;13;114.112531631111;1.1947999999999999;95.5076428114421;
390;Pero de agua;1;14;146.434259102222;1.5240999999999998;96.07916744453908;
391;Pero de agua;1;15;139.178144582222;1.2893000000000001;107.94861132569764;
392;Churibio;1;2;24.6558646666667;0.2489999999999999;99.01953681392254;
393;Churibio;1;3;27.3043181511111;0.2855000000000001;95.63684115975865;
394;Churibio;1;4;29.9357824222222;0.2876000000000001;104.08825598825518;
395;Churibio;1;5;27.8117006488889;0.2865;97.07399877448132;
396;Churibio;1;6;29.83348872;0.2761999999999998;108.01407936278068;
397;Churibio;1;7;31.5388616533333;0.3061999999999998;103.00085451774434;
398;Churibio;1;8;34.2169924977778;0.3460000000000003;98.89304190109182;
399;Churibio;1;9;24.9421006533333;0.2235999999999998;111.54785623136547;
400;Churibio;1;10;28.35542716;0.26849999999999996;105.60680506517693;
401;Churibio;1;11;40.0655112666667;0.4062000000000001;98.6349366486132;
402;Churibio;1;12;27.0140678355556;0.28990000000000005;93.18409049863952;
403;Churibio;1;13;45.36313508;0.4600000000000002;98.61551104347822;
404;Churibio;1;15;28.39478192;0.2950999999999999;96.2208807861742;
405;Muli;1;1;13.0227696533333;0.10530000000000017;123.67302614751452;
406;Muli;1;2;15.8759539111111;0.12339999999999995;128.65440770754543;
407;Muli;1;3;11.42320296;0.09119999999999995;125.25441842105269;
408;Muli;1;4;8.66084289333333;0.06640000000000001;130.4343809236947;
409;Muli;1;5;15.3064926844444;0.10970000000000013;139.53047114352216;
410;Muli;1;6;14.1233409288889;0.09570000000000012;147.57932005108552;
411;Muli;1;7;11.5976828977778;0.11299999999999999;102.63436192723718;
412;Muli;1;8;9.78829583555556;0.0838000000000001;116.80543956510202;
413;Muli;1;9;10.00385096;0.0728000000000002;137.41553516483478;
414;Muli;1;11;10.3163234533333;0.09370000000000012;110.09950323728162;
415;Muli;1;12;17.0115071955556;0.16500000000000004;103.10004360942784;
416;Muli;1;14;9.55374433333333;0.06020000000000003;158.70007198228114;
417;Muli;1;15;14.0827675333333;0.11450000000000005;122.9936029112078;
418;Carbonero;1;1;20.0034008533333;0.19009999999999994;105.22567518849715;
419;Carbonero;1;2;34.85218836;0.4214;82.70571514000949;
420;Carbonero;1;3;19.0289942;0.14579999999999993;130.51436351165987;
421;Carbonero;1;4;28.5557851822222;0.2692999999999999;106.03707828526629;
422;Carbonero;1;5;20.44576556;0.24760000000000004;82.57578982229401;
423;Carbonero;1;6;19.6499248577778;0.27649999999999997;71.06663601366294;
424;Carbonero;1;7;28.0327037911111;0.3032999999999999;92.42566367000036;
425;Carbonero;1;8;9.55517802222222;0.11830000000000007;80.770735606274;
426;Carbonero;1;9;19.5689214355556;0.20359999999999978;96.11454536127515;
427;Carbonero;1;10;11.5123067244444;0.11380000000000012;101.16262499511764;
428;Carbonero;1;11;8.92994629777778;0.12670000000000003;70.48102839603614;
429;Carbonero;1;12;6.65776446222222;0.07820000000000005;85.13765296959355;
430;Carbonero;1;15;18.4303574044444;0.23239999999999994;79.30446387454563;
431;Franyipan;1;1;195.649071066667;1.5643999999999998;125.06332847524101;
432;Franyipan;1;2;193.797246813333;1.6517;117.33198935238421;
433;Franyipan;1;3;164.601893017778;1.5956;103.15987278627351;
434;Franyipan;1;5;65.8976459822222;0.5362;122.89751208918725;
435;Franyipan;1;6;104.769754617778;0.9265999999999999;113.06902074010146;
436;Franyipan;1;7;125.863260817778;1.1406;110.3482910904594;
437;Franyipan;1;8;62.1036033911111;0.5774999999999999;107.53870717075517;
438;Franyipan;1;9;95.0950786266667;0.9260999999999999;102.6833804412771;
439;Franyipan;1;10;83.1492960666667;0.8433999999999999;98.58820970674259;
440;Franyipan;1;11;119.0900844;1.1319000000000001;105.21254916512058;
441;Franyipan;1;13;102.172770564444;1.0241;99.76835325109266;
442;Franyipan;1;14;44.1043562355556;0.4120999999999999;107.02343177761614;
443;Franyipan;1;15;67.1364248666667;0.6905999999999999;97.21463201081193;
444;Abarco;1;1;11.5865718088889;0.10139999999999993;114.26599417050204;
445;Abarco;1;2;13.51545684;0.09820000000000007;137.63194338085532;
446;Abarco;1;4;13.3177511422222;0.09060000000000001;146.9950457198918;
447;Abarco;1;5;15.0492888977778;0.10709999999999997;140.51623620707565;
448;Abarco;1;6;14.2112260577778;0.0807;176.09945548671377;
449;Abarco;1;7;12.01481468;0.08279999999999998;145.10645748792274;
450;Abarco;1;9;10.0437791955556;0.05339999999999989;188.0857527257607;
451;Abarco;1;10;15.5913666666667;0.10899999999999999;143.04006116207984;
452;Abarco;1;11;12.2371798266667;0.07499999999999996;163.16239768888943;
453;Abarco;1;12;16.6611853155556;0.13569999999999993;122.77955280438916;
454;Abarco;1;13;10.9055695866667;0.06719999999999993;162.2852617063499;
455;Abarco;1;14;12.0388289688889;0.08020000000000005;150.11008689387648;
456;Abarco;1;15;9.88270424888889;0.05950000000000011;166.09586972922475;
457;Varasanta;1;1;269.628564684444;3.4345999999999997;78.50362915170442;
458;Varasanta;1;2;271.05042564;3.4574;78.3971844854515;
459;Varasanta;1;3;237.19020662222198;3.1886;74.38694305407451;
460;Varasanta;1;5;219.11153310222198;2.6839999999999993;81.6361896804106;
461;Varasanta;1;6;236.32476032444401;2.9522;80.05038964990312;
462;Varasanta;1;7;234.16849223555602;3.0516;76.73629972327828;
463;Varasanta;1;9;145.5564830800001;2.0472;71.10027504884725;
464;Varasanta;1;10;249.62595235999999;3.3959;73.50803980093642;
465;Varasanta;1;11;241.753136564444;2.952;81.89469395814498;
466;Varasanta;1;12;226.862557026666;2.8309999999999995;80.13513141175063;
467;Varasanta;1;13;370.773595368889;4.9282;75.2350950385311;
468;Varasanta;1;14;277.918225524445;3.3827;82.15869734958613;
469;Leucaena;1;1;86.1877846133333;0.6204000000000001;138.92292813238765;
470;Leucaena;1;2;89.0777429911111;0.6166000000000003;144.46601198688137;
471;Leucaena;1;4;97.2792319644445;0.7565999999999997;128.5741897494641;
472;Leucaena;1;6;64.2790829111111;0.4458;144.18816265390558;
473;Leucaena;1;7;43.6832818088889;0.31820000000000004;137.28246954396258;
474;Leucaena;1;8;55.1101406755556;0.34309999999999996;160.62413487483417;
475;Leucaena;1;9;65.0040993822222;0.41579999999999995;156.33501534925975;
476;Leucaena;1;10;47.1175401733333;0.365;129.08915115981728;
477;Guayacan Manizaleño;1;1;30.2278965333333;0.3180999999999998;95.02639589227701;
478;Guayacan Manizaleño;1;2;30.9396513822222;0.29689999999999994;104.20899758242575;
479;Guayacan Manizaleño;1;3;27.1765047866667;0.23760000000000003;114.37922890011237;
480;Guayacan Manizaleño;1;5;26.84123664;0.2922000000000001;91.85912607802871;
481;Guayacan Manizaleño;1;6;20.1864829244444;0.18920000000000003;106.69388437867018;
482;Guayacan Manizaleño;1;7;22.9901332311111;0.24359999999999993;94.37657319832145;
483;Guayacan Manizaleño;1;8;24.8495560355556;0.24659999999999993;100.7686781652701;
484;Guayacan Manizaleño;1;9;27.4183681022222;0.2742;99.99404851284537;
485;Guayacan Manizaleño;1;11;34.0606487244444;0.31169999999999987;109.27381688945914;
486;Guayacan Manizaleño;1;12;27.49929984;0.2533000000000001;108.56415254638765;
487;Guayacan Manizaleño;1;13;19.1194599688889;0.1524000000000001;125.45577407407407;
488;Guayacan Manizaleño;1;14;21.12640936;0.21879999999999988;96.55580146252291;
489;Guayacan Manizaleño;1;15;27.3491209288889;0.2954999999999999;92.55201667982712;
490;Ciruelo;1;3;164.435370053333;0.9211;178.52064928165564;
491;Ciruelo;1;4;81.6148188488889;0.43669999999999987;186.88989889830302;
492;Ciruelo;1;5;48.3638459244444;0.29089999999999994;166.25591586264835;
493;Ciruelo;1;6;88.9570263866667;0.4124000000000001;215.70568958939543;
494;Ciruelo;1;7;77.6229988755556;0.3813;203.57461021651088;
495;Ciruelo;1;8;62.78568088;0.3005;208.93737397670552;
496;Ciruelo;1;9;51.8462045511111;0.2450000000000001;211.61716143310645;
497;Ciruelo;1;10;161.794873542222;0.9945999999999999;162.6733094130525;
498;Ciruelo;1;11;45.4522388444445;0.21720000000000006;209.26445140167812;
499;Ciruelo;1;12;47.9227715377778;0.35030000000000006;136.8049430139246;
500;Ciruelo;1;13;148.177266368889;0.8149;181.83490780327526;
501;Ciruelo;1;14;132.796150177778;0.7609999999999999;174.50216843334826;
502;Ciruelo;1;15;29.1970025377778;0.2229;130.98700106674653;
503;Mamoncillo;1;1;252.24594712;2.5648;98.3491684029944;
504;Mamoncillo;1;2;172.468830688889;1.8519999999999999;93.12571851451891;
505;Mamoncillo;1;3;178.433621626667;2.0497000000000005;87.05353057845878;
506;Mamoncillo;1;4;221.756832471111;2.4522999999999997;90.42810115854954;
507;Mamoncillo;1;5;141.456849702222;1.7265999999999997;81.92797967231671;
508;Mamoncillo;1;6;204.958514813333;2.0633999999999997;99.33048115408212;
509;Mamoncillo;1;7;201.184328813333;2.6637999999999997;75.52531301649262;
510;Mamoncillo;1;8;111.634400386667;1.2518000000000002;89.17910240187489;
511;Mamoncillo;1;9;151.540270395556;1.7693;85.64984479486577;
512;Mamoncillo;1;10;170.270268777778;2.0156;84.4762198738728;
513;Mamoncillo;1;11;189.864924928889;2.5187999999999997;75.37911899670043;
514;Mamoncillo;1;13;128.952286897778;1.2402000000000002;103.9770092709063;
515;Mamoncillo;1;14;212.590184137778;2.6956999999999995;78.8627013902801;
516;Bucaro;1;1;208.404314373333;1.8355000000000001;113.5408958721509;
517;Bucaro;1;4;263.144204893333;1.8252999999999997;144.16490708011452;
518;Bucaro;1;5;201.736155666667;2.1616;93.32723707747364;
519;Bucaro;1;6;237.999237262222;1.9878;119.7299714569987;
520;Bucaro;1;7;163.500103106667;1.2489999999999999;130.90480633039795;
521;Bucaro;1;8;284.707029151111;2.5358;112.27503318523188;
522;Bucaro;1;9;257.894896395556;2.1323999999999996;120.94114443610768;
523;Bucaro;1;10;211.178574057778;1.8449000000000002;114.46613586523821;
524;Bucaro;1;11;272.155943142222;2.1432;126.98578907345183;
525;Bucaro;1;12;155.079904893333;1.5275999999999998;101.51865991969954;
526;Bucaro;1;13;175.744308008889;1.9866000000000001;88.46486862422681;
527;Bucaro;1;14;187.21962556;1.579;118.5684772387587;
528;Bucaro;1;15;112.240922471111;1.2714;88.28136107528;
529;Almendro;1;1;492.96202482666604;3.7019;133.1645978623588;
530;Almendro;1;3;156.5801169466666;1.2182;128.53399847862963;
531;Almendro;1;5;209.1461766888888;1.5805000000000002;132.32912160005617;
532;Almendro;1;6;251.862005235556;2.0265999999999997;124.27810383674925;
533;Almendro;1;7;212.7298971200001;1.8864;112.77030169635289;
534;Almendro;1;8;243.25478230666698;2.1461;113.34736606247004;
535;Almendro;1;9;252.35906517333302;2.1515999999999997;117.28902452748329;
536;Almendro;1;10;366.09152587999995;3.2762000000000002;111.74272812404612;
537;Almendro;1;12;128.4066249066667;0.9897;129.7429775756964;
538;Almendro;1;13;231.10957362222177;2.1254;108.73697827337055;
539;Almendro;1;14;334.67481452000004;2.9915000000000003;111.87525138559252;
540;Almendro;1;15;401.931024093333;3.4086999999999996;117.9132877910444;
541;Caracoli;1;1;328.331171293333;4.1478;79.15790811835986;
542;Caracoli;1;2;201.5643280533335;2.4768;81.38094640396217;
543;Caracoli;1;3;148.09948874666668;1.8508000000000002;80.01917481449463;
544;Caracoli;1;4;131.3094864844445;1.5503;84.69940429880958;
545;Caracoli;1;5;160.2782457511113;1.7936;89.36119856774717;
546;Caracoli;1;6;218.74751949333398;2.5213;86.75981418051559;
547;Caracoli;1;7;214.029034306667;2.4383;87.77797412404831;
548;Caracoli;1;8;212.0554181822226;2.6759;79.24639118884211;
549;Caracoli;1;11;276.307547742222;3.6103000000000005;76.53312681556159;
550;Caracoli;1;12;235.23228939111158;2.9352;80.14182658459784;
551;Caracoli;1;13;318.133127173333;3.9880999999999998;79.77059932632908;
552;Caracoli;1;14;295.152169551111;3.7782000000000004;78.1197844346808;
553;Caracoli;1;15;334.387861688889;4.2414;78.83902996390084;
554;Paco;1;1;1459.4219557022218;20.5796;70.91595345401377;
555;Paco;1;2;923.8297652399998;12.2985;75.11727163800461;
556;Paco;1;3;1211.419297586668;17.5956;68.84785387180136;
557;Cambulo;1;1;465.235413613334;2.5757000000000003;180.6248451346562;
558;Cambulo;1;2;362.8465144488887;2.4065;150.7776914393886;
559;Cambulo;1;3;333.469870693334;1.4304;233.13050244220778;
560;Cambulo;1;4;515.723341311111;2.9462999999999995;175.04101459834743;
561;Cambulo;1;5;437.65346160888896;2.8577999999999997;153.14348856074218;
562;Cambulo;1;6;623.0497933244451;2.8155;221.2927697831451;
563;Cambulo;1;7;738.141964573333;4.098800000000001;180.0873339936891;
564;Cambulo;1;8;398.162716217778;1.4394;276.6171434054314;
565;Cambulo;1;9;567.41951032;2.6973999999999996;210.35794109883594;
566;Cambulo;1;10;650.6789136933339;3.0496;213.36533109041642;
567;Cambulo;1;12;644.8344809377779;3.7375000000000003;172.53096479940544;
568;Cambulo;1;13;807.128349897778;4.7895;168.52037788866852;
569;Cambulo;1;15;466.18544755555604;2.5329000000000006;184.0520539916917;
570;Casco de vaca;1;1;123.213230275556;0.5641;218.42444650869703;
571;Casco de vaca;1;2;114.938694853333;0.5501999999999998;208.9034802859561;
572;Casco de vaca;1;4;110.877699391111;0.5194999999999999;213.43156764410207;
573;Casco de vaca;1;5;122.910578551111;0.5893000000000002;208.57047098440688;
574;Casco de vaca;1;6;130.478233666667;0.6723000000000001;194.077396499579;
575;Casco de vaca;1;7;139.910257813333;0.6945999999999999;201.4256519051728;
576;Casco de vaca;1;8;110.254188093333;0.5667;194.55476988412389;
577;Casco de vaca;1;9;126.944620662222;0.5364;236.6603666335235;
578;Casco de vaca;1;10;118.023993342222;0.5975999999999999;197.49664213892572;
579;Casco de vaca;1;11;131.011924355556;0.6266;209.08382437848067;
580;Casco de vaca;1;12;81.6776144222222;0.4096000000000002;199.40823833550334;
581;Casco de vaca;1;14;58.4504207333333;0.2638999999999998;221.4870054313503;
582;Casco de vaca;1;15;89.7068456755556;0.4282999999999999;209.4486240381873;
583;Arbol del pan;1;1;334.32879370666603;3.7901;88.21107456443525;
584;Arbol del pan;1;2;423.7443138;4.452;95.18066347708894;
585;Arbol del pan;1;3;561.752711617778;5.7777;97.2277396918805;
586;Arbol del pan;1;4;403.080842582223;4.617900000000001;87.28661135629245;
587;Arbol del pan;1;5;453.187767457777;4.641;97.64873248389938;
588;Arbol del pan;1;7;546.297832133334;7.2397;75.45862841462133;
589;Arbol del pan;1;8;577.251820404444;10.5954;54.48136176118353;
590;Arbol del pan;1;9;675.665171964444;7.5161;89.89571346369047;
591;Arbol del pan;1;11;763.159692315555;5.8524;130.40115035123284;
592;Arbol del pan;1;12;832.2337477155561;8.629299999999999;96.44278767867107;
593;Arbol del pan;1;13;846.660887320001;8.7812;96.41744719628309;
594;Arbol del pan;1;14;734.297671186667;9.4561;77.6533318372973;
595;Saman;1;1;224.758403528889;3.4071;65.96765681338647;
596;Saman;1;2;166.988554911111;2.5545;65.37034836997887;
597;Saman;1;3;168.075577826667;2.0826000000000002;80.70468540606309;
598;Saman;1;4;198.837236733333;2.7759;71.62982698704312;
599;Saman;1;5;190.321769893333;2.4509;77.65382916207638;
600;Saman;1;7;137.749832026667;1.949;70.67718421070651;
601;Saman;1;8;336.328789706667;4.335800000000001;77.57018075249479;
602;Saman;1;10;216.178635742222;3.0405;71.099699306766;
603;Saman;1;11;377.862398395556;5.5323;68.3011402844307;
604;Saman;1;12;155.269295195556;1.8557;83.6715499248564;
605;Saman;1;13;173.6802978;2.0092;86.44251333864226;
606;Saman;1;14;255.073826768889;3.338;76.41516679715069;
607;Saman;1;15;225.206502991111;2.593;86.8517173124223;
608;Tulipan afrincano;1;1;435.662067742222;4.6898;92.89566031434646;
609;Tulipan afrincano;1;2;523.816730142222;4.2151000000000005;124.27148350981517;
610;Tulipan afrincano;1;3;548.176824791111;3.7028;148.0438653967568;
611;Tulipan afrincano;1;4;421.143960577778;3.1986999999999997;131.66097495162973;
612;Tulipan afrincano;1;6;345.58282137777803;3.085;112.02036349360715;
613;Tulipan afrincano;1;8;669.90575696;6.244800000000001;107.27417322572379;
614;Tulipan afrincano;1;9;429.48967865333407;3.1175999999999995;137.76291976306587;
615;Tulipan afrincano;1;10;152.78392382222188;1.4657000000000002;104.2395604982069;
616;Tulipan afrincano;1;11;703.484041057778;7.2695;96.77199821965445;
617;Tulipan afrincano;1;12;469.98192741777797;4.7271;99.42288663615705;
618;Tulipan afrincano;1;13;524.346119764444;4.560300000000001;114.980619644419;
619;Tulipan afrincano;1;14;355.532120475556;3.1982999999999997;111.16284290890661;
620;Tulipan afrincano;1;15;192.22341483555527;1.5773000000000001;121.86864568284743;
621;Velero;1;1;237.92920156;1.0066000000000002;236.36916507053442;
622;Velero;1;2;280.383668622222;1.4054000000000002;199.5045315370869;
623;Velero;1;3;228.012232146667;1.0207000000000002;223.38809850756047;
624;Velero;1;4;207.180302484444;1.0052999999999999;206.08803589420475;
625;Velero;1;5;199.601894702222;0.9993999999999998;199.72172773886535;
626;Velero;1;7;233.925123546667;1.2183000000000002;192.0094587102249;
627;Velero;1;8;207.703885666667;1.0835000000000001;191.69717181972032;
628;Velero;1;9;225.074245191111;1.1858000000000002;189.8079315155262;
629;Velero;1;11;161.548064;0.6483000000000001;249.18720345519048;
630;Velero;1;12;233.103834866667;1.3779000000000001;169.17325993661876;
631;Velero;1;13;214.034482324444;0.9023999999999999;237.18360186662682;
632;Velero;1;14;158.973445493333;0.6417000000000002;247.73795464131675;
633;Velero;1;15;58.6096318844445;0.34739999999999993;168.70936063455528;
634;Ariza;1;1;526.523104657778;7.7961;67.536730500863;
635;Ariza;1;2;454.6990906;6.3151;72.00188288388148;
636;Ariza;1;3;253.583292115555;3.3974;74.64039916275829;
637;Ariza;1;4;567.845387604444;7.5280000000000005;75.43110887412911;
638;Ariza;1;5;707.6243912;9.335899999999999;75.79605514197883;
639;Ariza;1;6;997.106464564444;12.8982;77.30586163685197;
640;Ariza;1;7;1079.1721785688892;15.023299999999999;71.83323095251305;
641;Ariza;1;8;750.382800306667;10.478100000000001;71.61439576895305;
642;Ariza;1;9;791.610101364444;10.993599999999999;72.00644933092381;
643;Ariza;1;12;851.561235942222;9.7419;87.41223333664091;
644;Ariza;1;13;766.395958244444;8.6194;88.91523287519364;
645;Ariza;1;14;826.734188822222;9.586300000000001;86.24121807394113;
646;Ariza;1;15;1055.37143764;14.4211;73.18245055092886;
647;Manzano de monte;;1;162.850283617778;1.6825;96.790658911012;Repetición
648;Manzano de monte;;2;211.925239231111;2.3987;88.350039284242;Repetición
649;Manzano de monte;;3;214.884444782222;2.9117;73.800338215552;Repetición
650;Manzano de monte;;4;127.150211648889;1.4165;89.763651005216;Repetición
651;Manzano de monte;;5;236.92597776;2.2542;105.104239978706;Repetición
652;Manzano de monte;;6;66.1840970222222;0.5804;114.031869438701;Repetición
653;Manzano de monte;;7;189.678903795556;1.6722;113.430752180096;Repetición
654;Manzano de monte;;8;245.025388084444;2.31;106.071596573352;Repetición
655;Manzano de monte;;9;345.9251146;4.8457;71.388058402295;Repetición
656;Manzano de monte;;10;133.399518146667;1.3096;101.862796385665;Repetición
657;Manzano de monte;;11;52.1234799822222;0.6309;82.617657286769;Repetición
658;Manzano de monte;;12;155.083847537778;1.9789;78.368713698407;Repetición
659;Manzano de monte;;13;44.53152384;0.4098;108.666480819912;Repetición
660;Manzano de monte;;14;56.8580941688889;0.5815;97.778321872552;Repetición
661;Manzano de monte;;15;93.1951541111111;0.9148;101.874895180489;Repetición
662;Pero de agua;;1;221.356188111111;1.7211;128.613205572663;Repetición
663;Pero de agua;;2;150.703211137778;2.2207;67.862931119817;Repetición
664;Pero de agua;;3;234.375588595556;3.1497;74.412035621029;Repetición
665;Pero de agua;;4;130.13651392;1.331;97.773489045830;Repetición
666;Pero de agua;;5;220.711529902222;3.0762;71.748108023608;Repetición
667;Pero de agua;;6;189.264854444444;2.7032;70.015113363585;Repetición
668;Pero de agua;;7;238.380096715556;3.0494;78.172787012382;Repetición
669;Pero de agua;;8;222.980127515556;2.5815;86.376187300235;Repetición
670;Pero de agua;;9;154.849797826667;1.8257;84.816671866499;Repetición
671;Pero de agua;;10;79.42693792;0.8829;89.961420228792;Repetición
672;Pero de agua;;11;121.753448248889;1.42;85.741864964006;Repetición
673;Pero de agua;;12;62.8040320977778;0.4997;125.683474280124;Repetición
674;Pero de agua;;13;74.8883806888889;0.8031;93.249135461199;Repetición
675;Pero de agua;;14;120.634095648889;1.2193;98.937173500278;Repetición
676;Pero de agua;;15;106.486095271111;1.0623;100.241076222452;Repetición
677;Cerezo;;1;13.0339524266667;0.065;200.522345025642;Repetición
678;Cerezo;;2;10.6204088666667;0.0668;158.988156686627;Repetición
679;Cerezo;;3;6.26901972;0.0477;131.425989937107;Repetición
680;Cerezo;;4;6.81719066666667;0.0283;240.890129564193;Repetición
681;Cerezo;;5;11.6095108311111;0.0542;214.197616810168;Repetición
682;Cerezo;;6;8.88284961777778;0.0511;173.832673537726;Repetición
683;Cerezo;;7;9.84664697333333;0.0429;229.525570473970;Repetición
684;Cerezo;;8;4.87927339555556;0.0268;182.062440132670;Repetición
685;Cerezo;;9;7.83131050222222;0.0325;240.963400068376;Repetición
686;Cerezo;;10;8.40629143111111;0.0319;263.520107558342;Repetición
687;Cerezo;;11;4.65411255555556;0.0251;185.422810978309;Repetición
688;Cerezo;;12;3.92622870666667;0.0227;172.961617033774;Repetición
689;Cerezo;;13;6.22070440444444;0.0366;169.964601214329;Repetición
690;Cerezo;;14;4.19705253777778;0.0219;191.646234601725;Repetición
691;Cerezo;;15;4.80106566666667;0.0109;440.464740061162;Repetición
692;Jabuticaba;;1;6.86228018222222;0.0337;203.628492054072;Repetición
693;Jabuticaba;;2;7.96120271555556;0.0307;259.322564024611;Repetición
694;Jabuticaba;;3;5.31418292;0.0276;192.542859420290;Repetición
695;Jabuticaba;;4;7.28808578222222;0.0365;199.673583074581;Repetición
696;Jabuticaba;;5;6.65403687111111;0.0334;199.222660811710;Repetición
697;Jabuticaba;;6;7.02543397777778;0.0207;339.392945786366;Repetición
698;Jabuticaba;;7;6.53518406222222;0.0352;185.658638131313;Repetición
699;Jabuticaba;;8;5.56385984;0.0223;249.500441255605;Repetición
700;Jabuticaba;;9;4.48278673333333;0.0152;294.920179824561;Repetición
701;Jabuticaba;;10;5.81962993777778;0.0195;298.442560911681;Repetición
702;Jabuticaba;;11;6.39274707111111;0.0241;265.259214568926;Repetición
703;Jabuticaba;;12;5.05819776888889;0.0213;237.474073656755;Repetición
704;Jabuticaba;;13;5.29934424;0.012;441.612020000000;Repetición
705;Jabuticaba;;14;1.98236162666667;0.0085;233.219014901961;Repetición
706;Jabuticaba;;15;4.65267886666667;0.0134;347.214840796020;Repetición
707;Falso pimiento;;1;17.5737282933333;0.1483;118.501202247696;Repetición
708;Falso pimiento;;2;48.3416954311111;0.3962;122.013365550508;Repetición
709;Falso pimiento;;3;44.47926588;0.3263;136.314023536623;Repetición
710;Falso pimiento;;4;54.4151599866667;0.5673;95.919548716141;Repetición
711;Falso pimiento;;5;32.5278919333333;0.3822;85.106990929705;Repetición
712;Falso pimiento;;6;53.3548036844445;0.4299;124.109801545579;Repetición
713;Falso pimiento;;7;27.0446770933333;0.2797;96.691730759147;Repetición
714;Falso pimiento;;8;34.0887490266667;0.3099;109.999190147359;Repetición
715;Falso pimiento;;9;38.5252992933333;0.366;105.260380582878;Repetición
716;Falso pimiento;;10;83.4627721422222;0.8319;100.327890542400;Repetición
717;Falso pimiento;;11;58.8812442444444;0.1331;442.383502963519;Repetición
718;Falso pimiento;;12;53.0803239466667;0.5544;95.743730062530;Repetición
719;Falso pimiento;;13;15.1260629377778;0.1193;126.790133594114;Repetición
720;Falso pimiento;;14;18.8635465022222;0.1959;96.291712619817;Repetición
721;Falso pimiento;;15;74.1960523244445;0.6406;115.822747930759;Repetición
