;Especie;Individuo;Hoja;Area(cm2,algoritmoFlorian);Biomasa(g)
0;Ceiba;1;1;223,953172164444;2,3677
1;Ceiba;1;1;223,953172164444;2,3677
2;Ceiba;1;2;251,428027608889;2,2800000000000002
3;Ceiba;1;3;325,2703172000004;2,6343000000000005
4;Ceiba;1;4;241,074499928889;2,3785
5;Ceiba;1;5;0,0;3,1016999999999997
6;Ceiba;1;6;312,889338377778;3,0985000000000005
7;Ceiba;1;7;268,630502164444;2,4174
8;Ceiba;1;8;236,268344666667;2,4357
9;Ceiba;1;9;318,483807475556;3,1769999999999996
10;Ceiba;1;10;319,2484654444449;2,8929
11;Ceiba;1;11;261,658401413333;2,2860000000000005
12;Ceiba;1;12;92,6864812933333;0,8788999999999998
13;Ceiba;1;13;297,777253906667;2,9459
14;Ceiba;1;14;251,5963426844447;2,2473
15;Ceiba;1;15;351,944600768889;2,9189999999999996
16;Nispero;1;1;124,069070857778;1,8598999999999999
17;Nispero;1;2;146,169528448889;1,7302
18;Nispero;1;3;118,793812591111;1,4918000000000002
19;Nispero;1;4;117,424137911111;1,7264
20;Nispero;1;5;111,777482537778;1,6795000000000002
21;Nispero;1;6;162,054227862222;2,1033
22;Nispero;1;7;221,675900733333;2,8926
23;Nispero;1;8;136,486895484444;1,5581
24;Nispero;1;9;152,200412444444;1,8764
25;Nispero;1;10;93,9127154;1,214
26;Nispero;1;11;111,232609075556;1,1797
27;Nispero;1;12;53,6869894;0,8276999999999999
28;Nispero;1;13;111,876192017778;1,4635999999999998
29;Nispero;1;14;202,936081582222;2,604
30;Nispero;1;15;140,555274444444;1,6344
31;Chiminago;1;1;46,0171839511111;0,2649999999999999
32;Chiminago;1;2;25,6138555822222;0,12229999999999996
33;Chiminago;1;3;39,3627886577778;0,36940000000000006
34;Chiminago;1;4;32,3024443555556;0,2633
35;Chiminago;1;5;17,9353763155556;0,12119999999999997
36;Chiminago;1;6;19,38641284;0,18869999999999998
37;Chiminago;1;7;22,6899187777778;0,16600000000000004
38;Chiminago;1;8;40,8126782311111;0,23349999999999993
39;Chiminago;1;9;21,0028253777778;0,1773
40;Chiminago;1;10;32,7397911511111;0,6469999999999999
41;Chiminago;1;11;31,5185032711111;0,17799999999999994
42;Chiminago;1;12;24,9017423111111;0,21420000000000006
43;Chiminago;1;13;26,4668287866667;0,1906
44;Chiminago;1;14;34,4937661377778;0,2077
45;Chiminago;1;15;21,6218205555556;0,19390000000000007
46;Ebano ;1;1;41,7581960533333;0,24880000000000013
47;Ebano ;1;2;27,2300530666667;0,30099999999999993
48;Ebano ;1;3;33,9240181733333;0,22270000000000012
49;Ebano ;1;4;20,6059802933333;0,0596000000000001
50;Ebano ;1;5;27,7519875066667;0,08800000000000008
51;Ebano ;1;6;27,5183679022222;0,2530000000000001
52;Ebano ;1;7;22,6951517422222;0,2178
53;Ebano ;1;8;42,8202010977778;0,24120000000000008
54;Ebano ;1;9;51,82441248;0,24730000000000008
55;Ebano ;1;10;14,6681427066667;0,07040000000000002
56;Ebano ;1;11;23,4177309422222;0,0878000000000001
57;Ebano ;1;12;16,7808266533333;0,055299999999999905
58;Ebano ;1;13;25,9469015111111;0,10089999999999999
59;Ebano ;1;14;15,6468504266667;0,054199999999999804
60;Ebano ;1;15;29,4662493111111;0,3327
61;Ebano ;2;1;47,1483644844445;0,0
62;Ebano ;2;2;35,1918292577778;0,0
63;Ebano ;2;3;47,4513746311111;0,0
64;Ebano ;2;4;47,5743851377778;0,0
65;Ebano ;2;5;36,5984214266667;0,0
66;Ebano ;2;6;43,8253603777778;0,0
67;Ebano ;2;7;54,0542288088889;0,0
68;Ebano ;2;8;76,3395605822222;0,0
69;Ebano ;2;9;64,7724869422222;0,0
70;Ebano ;2;10;71,9177773111111;0,0
71;Ebano ;2;11;44,5540327555556;0,0
72;Ebano ;2;12;37,4673802622222;0,0
73;Ebano ;2;13;40,8893089022222;0,0
74;Ebano ;2;14;29,7460336977778;0,0
75;Ebano ;2;15;44,86894252;0,0
76;Aguacatillo;1;1;60,3823165111111;0,7138
77;Aguacatillo;1;2;63,7871842533333;1,0495
78;Aguacatillo;1;3;64,9280421866667;0,9768999999999999
79;Aguacatillo;1;4;109,842217591111;1,4458000000000002
80;Aguacatillo;1;5;67,9400074888889;0,7545000000000002
81;Aguacatillo;1;6;104,645238737778;1,2296999999999998
82;Aguacatillo;1;7;113,033895795556;1,5404
83;Aguacatillo;1;8;60,8177995111111;0,76112
84;Aguacatillo;1;9;100,7223792;0,8346000000000002
85;Aguacatillo;1;10;88,8955928177778;1,0956
86;Aguacatillo;1;11;100,211125742222;1,113
87;Aguacatillo;1;12;61,8978690355556;1,3589999999999998
88;Aguacatillo;1;13;67,24051068;0,7838
89;Aguacatillo;1;14;105,4804342;1,1994
90;Aguacatillo;1;15;94,2773741688889;1,0913
91;Lirata;1;1;746,39463624;11,2309
92;Lirata;1;2;593,692647737777;9,0892
93;Lirata;1;3;410,628712791111;6,3055
94;Lirata;1;4;400,869234102223;7,981199999999999
95;Lirata;1;5;454,157012831111;8,3064
96;Lirata;1;6;493,970123168889;8,3344
97;Lirata;1;7;319,411117448889;4,6880999999999995
98;Lirata;1;8;510,138047822223;6,5157
99;Lirata;1;9;311,809483906666;5,4239
100;Lirata;1;10;522,911068871111;9,9695
101;Lirata;1;11;314,03435400888895;6,774100000000001
102;Lirata;1;12;457,052060804445;7,597099999999999
103;Lirata;1;13;571,103445604444;10,1539
104;Lirata;1;14;417,096011684445;6,0004
105;Lirata;1;15;582,161057897777;9,5101
106;Guamo;1;1;192,599184693333;11,0472
107;Guamo;1;2;438,874821173333;4,8154
108;Guamo;1;3;392,15211892;3,3791
109;Guamo;1;4;521,898884515555;4,8148
110;Guamo;1;5;331,7903041600004;4,1415
111;Guamo;1;6;762,997255364445;1,6482
112;Guamo;1;7;500,29512844;6,1803
113;Guamo;1;8;634,716078235555;7,548500000000001
114;Guamo;1;9;519,124553146667;6,3831
115;Guamo;1;10;235,236232035556;2,1723999999999997
116;Guamo;1;11;254,2444377466665;3,1337
117;Guamo;1;12;322,45139810666603;4,1012
118;Guamo;1;13;409,12226419111096;5,476999999999999
119;Guamo;1;14;333,279190071111;5,291600000000001
120;Guamo;1;15;220,982497102222;2,9040000000000004
121;Manzano de monte;1;1;472,729018697778;4,2118
122;Manzano de monte;1;2;327,9296667199999;3,1812000000000005
123;Manzano de monte;1;3;287,0804294222218;4,0437
124;Manzano de monte;1;4;256,1677313911112;5,4661
125;Manzano de monte;1;5;426,907031488889;3,7119999999999997
126;Manzano de monte;1;6;207,277148168889;3,6692
127;Manzano de monte;1;7;250,931612831111;2,7037000000000004
128;Manzano de monte;1;8;261,294674542222;3,2337
129;Manzano de monte;1;9;278,0123472;3,4584
130;Manzano de monte;1;10;211,970042008889;2,467
131;Manzano de monte;1;11;461,93427326222206;2,605
132;Manzano de monte;1;12;158,553948124444;6,2841
133;Manzano de monte;1;13;233,28275924;2,5473999999999997
134;Manzano de monte;1;14;333,089226293333;3,4691
135;Manzano de monte;1;15;241,85629048;5,3493
136;Naranjo;1;1;58,17794816;0,5439999999999999
137;Naranjo;1;2;37,2926852711111;0,2705000000000001
138;Naranjo;1;3;40,8103126444444;0,37370000000000003
139;Naranjo;1;4;50,5609741466667;0,4284
140;Naranjo;1;5;45,4358947911111;0,3992
141;Naranjo;1;6;47,19538948;0,4217000000000001
142;Naranjo;1;7;34,5526190666667;0,35219999999999996
143;Naranjo;1;8;21,04447404;0,18019999999999992
144;Naranjo;1;9;53,2061301466667;0,49850000000000005
145;Naranjo;1;10;30,1383626622222;0,2578999999999999
146;Naranjo;1;11;47,3496544044445;0,38260000000000005
147;Naranjo;1;12;53,8651252444445;0,4315
148;Naranjo;1;13;69,3032305688889;0,6449999999999999
149;Naranjo;1;14;27,42704192;0,17670000000000008
150;Naranjo;1;15;43,6136045288889;0,36629999999999985
151;Naranjo;2;1;22,0543644933333;0,0
152;Naranjo;2;2;35,8118280177778;0,0
153;Naranjo;2;3;31,1156366933333;0,0
154;Naranjo;2;4;19,2487070222222;0,0
155;Naranjo;2;5;25,0411685555556;0,0
156;Naranjo;2;6;26,8300538666667;0,0
157;Naranjo;2;7;14,8300061822222;0,0
158;Naranjo;2;8;28,3704808933333;0,0
159;Naranjo;2;9;17,2046250888889;0,0
160;Naranjo;2;10;16,4570280177778;0,0
161;Naranjo;2;11;16,1421182533333;0,0
162;Naranjo;2;12;13,6831267555556;0,0
163;Naranjo;2;13;13,88577868;0,0
164;Naranjo;2;14;10,8908742755556;0,0
165;Naranjo;2;15;11,6487222222222;0,0
166;Naranjo;3;1;21,4765161866667;0,0
167;Naranjo;3;2;24,2881951511111;0,0
168;Naranjo;3;3;22,9890579644444;0,0
169;Naranjo;3;4;24,9806668844444;0,0
170;Naranjo;3;5;13,8704382088889;0,0
171;Naranjo;3;6;10,1419152;0,0
172;Naranjo;3;7;17,36835236;0,0
173;Naranjo;3;8;26,6494090666667;0,0
174;Naranjo;3;9;16,4823326266667;0,0
175;Naranjo;3;10;14,1515846;0,0
176;Naranjo;3;11;16,9175288888889;0,0
177;Naranjo;3;12;13,5371772266667;0,0
178;Naranjo;3;13;14,6857053955556;0,0
179;Naranjo;3;14;12,4022691022222;0,0
180;Naranjo;3;15;9,34865513777778;0,0
181;Naranjo;4;1;33,0208658577778;0,0
182;Naranjo;4;2;33,9222260622222;0,0
183;Naranjo;4;3;32,3666736177778;0,0
184;Naranjo;4;4;27,69542848;0,0
185;Naranjo;4;5;19,4093518622222;0,0
186;Naranjo;4;6;37,9607126088889;0,0
187;Naranjo;4;7;19,4049074266667;0,0
188;Naranjo;4;8;35,4501083111111;0,0
189;Naranjo;4;9;24,40898344;0,0
190;Naranjo;4;10;14,3568171644444;0,0
191;Naranjo;4;11;20,7373061955556;0,0
192;Naranjo;4;12;13,6514422311111;0,0
193;Naranjo;4;13;17,4711478533333;0,0
194;Naranjo;4;14;10,16901192;0,0
195;Naranjo;4;15;10,4942442444444;0,0
196;Naranjo;5;1;26,03607696;0,0
197;Naranjo;5;2;22,3419624844444;0,0
198;Naranjo;5;3;51,8484267688889;0,0
199;Naranjo;5;4;24,5521372755556;0,0
200;Naranjo;5;5;23,3747202755556;0,0
201;Naranjo;5;6;23,5227486533333;0,0
202;Naranjo;5;7;24,9659715733333;0,0
203;Naranjo;5;8;33,2273170577778;0,0
204;Naranjo;5;9;38,4567689644444;0,0
205;Naranjo;5;10;24,4929259244444;0,0
206;Naranjo;5;11;24,2823170266667;0,0
207;Naranjo;5;12;29,6677542844444;0,0
208;Naranjo;5;13;24,9149322488889;0,0
209;Naranjo;5;14;17,4168827288889;0,0
210;Naranjo;5;15;31,9080365422222;0,0
211;Guayabo;1;1;48,8743108533333;0,5867999999999999
212;Guayabo;1;2;45,2866477777778;0,31600000000000006
213;Guayabo;1;3;27,6438873644444;0,6325999999999999
214;Guayabo;1;4;40,7668001866667;0,45089999999999997
215;Guayabo;1;5;48,2685772977778;0,5802999999999999
216;Guayabo;1;6;24,8608821777778;0,29370000000000007
217;Guayabo;1;7;44,1784779511111;0,5790000000000001
218;Guayabo;1;8;25,9164356222222;0,27859999999999996
219;Guayabo;1;9;31,8729111644444;0,40780000000000005
220;Guayabo;1;10;44,3788359733333;0,661
221;Guayabo;1;11;46,2789755422222;0,5569999999999999
222;Guayabo;1;12;38,6638653244444;0,40559999999999985
223;Guayabo;1;13;37,8026484088889;0,37270000000000003
224;Guayabo;1;14;34,6416511466667;0,4771000000000001
225;Guayabo;1;15;32,6282501555556;0,47929999999999995
226;Guayabo;2;1;43,8943208133333;0,0
227;Guayabo;2;2;42,0107403511111;0,0
228;Guayabo;2;3;46,1209830266667;0,0
229;Guayabo;2;4;33,23025612;0,0
230;Guayabo;2;5;29,6445285244444;0,0
231;Guayabo;2;6;26,37801176;0,0
232;Guayabo;2;7;31,1453140533333;0,0
233;Guayabo;2;8;41,8019952488889;0,0
234;Guayabo;2;9;40,8964056622222;0,0
235;Guayabo;2;10;35,2873846222222;0,0
236;Guayabo;2;11;30,0435241422222;0,0
237;Guayabo;2;12;38,2107479511111;0,0
238;Guayabo;2;13;23,34898556;0,0
239;Guayabo;2;14;18,9839046844444;0,0
240;Guayabo;2;15;18,0575266088889;0,0
241;Guayabo;3;1;39,7555477288889;0,0
242;Guayabo;3;2;47,4561774888889;0,0
243;Guayabo;3;3;31,4126970311111;0,0
244;Guayabo;3;4;28,4473983022222;0,0
245;Guayabo;3;5;26,8068997911111;0,0
246;Guayabo;3;6;25,00124032;0,0
247;Guayabo;3;7;32,5856695955556;0,0
248;Guayabo;3;8;30,7219457244444;0,0
249;Guayabo;3;9;25,9392312755556;0,0
250;Guayabo;3;10;27,9975067288889;0,0
251;Guayabo;3;11;44,2378326711111;0,0
252;Guayabo;3;12;40,7256533155556;0,0
253;Guayabo;3;13;22,0950095733333;0,0
254;Guayabo;3;14;41,8842889911111;0,0
255;Guayabo;3;15;32,6112609422222;0,0
256;Guayabo;4;1;65,1973606444444;0,0
257;Guayabo;4;2;40,4777685066667;0,0
258;Guayabo;4;3;29,3520559911111;0,0
259;Guayabo;4;4;31,1757082577778;0,0
260;Guayabo;4;5;60,2247541022222;0,0
261;Guayabo;4;6;43,6520273911111;0,0
262;Guayabo;4;7;45,8485104533333;0,0
263;Guayabo;4;8;40,2763352177778;0,0
264;Guayabo;4;9;58,81343076;0,0
265;Guayabo;4;10;28,3263232755556;0,0
266;Guayabo;4;11;40,2822133422222;0,0
267;Guayabo;4;12;38,5878798133333;0,0
268;Guayabo;4;13;63,3228124222222;0,0
269;Guayabo;4;14;25,6513465466667;0,0
270;Guayabo;4;15;24,65672488;0,0
271;Guayabo;5;1;44,1706643466667;0,0
272;Guayabo;5;2;48,1823409111111;0,0
273;Guayabo;5;3;46,3856419955556;0,0
274;Guayabo;5;4;38,5766253555556;0,0
275;Guayabo;5;5;29,7338473422222;0,0
276;Guayabo;5;6;31,2107619511111;0,0
277;Guayabo;5;7;27,5087621866667;0,0
278;Guayabo;5;8;25,5553610755556;0,0
279;Guayabo;5;9;33,1190735466667;0,0
280;Guayabo;5;10;17,5876350755556;0,0
281;Guayabo;5;11;41,3046485733333;0,0
282;Guayabo;5;12;20,1092787777778;0,0
283;Guayabo;5;13;23,2375162488889;0,0
284;Guayabo;5;14;24,8407388488889;0,0
285;Guayabo;5;15;42,5131049377778;0,0
286;Guayabo;6;1;48,8756011733333;0,0
287;Guayabo;6;2;26,4299112977778;0,0
288;Guayabo;6;3;40,9546134311111;0,0
289;Guayabo;6;4;43,5138197822222;0,0
290;Guayabo;6;5;50,8357406222222;0,0
291;Guayabo;6;6;57,2063372;0,0
292;Guayabo;6;7;49,1594715733333;0,0
293;Guayabo;6;8;31,9749898133333;0,0
294;Guayabo;6;9;39,6329673288889;0,0
295;Guayabo;6;10;33,9372081111111;0,0
296;Guayabo;6;11;30,7469635955556;0,0
297;Guayabo;6;12;32,5415836622222;0,0
298;Guayabo;6;13;32,9338409422222;0,0
299;Guayabo;6;14;37,2369147733333;0,0
300;Guayabo;6;15;49,9001869377778;0,0
301;Guayabo;7;1;37,5235808666667;0,0
302;Guayabo;7;2;40,9493087822222;0,0
303;Guayabo;7;3;33,3414386933333;0,0
304;Guayabo;7;4;36,0000713688889;0,0
305;Guayabo;7;5;25,7694108266667;0,0
306;Guayabo;7;6;35,5950542577778;0,0
307;Guayabo;7;7;39,3068031066667;0,0
308;Guayabo;7;8;44,2144635422222;0,0
309;Guayabo;7;9;41,9597010266667;0,0
310;Guayabo;7;10;38,3918945422222;0,0
311;Guayabo;7;11;27,3465402888889;0,0
312;Guayabo;7;12;28,5752116666667;0,0
313;Guayabo;7;13;41,13927256;0,0
314;Guayabo;7;14;30,0864631244444;0,0
315;Guayabo;7;15;22,0223932311111;0,0
316;Guayabo;8;1;29,7260337377778;0,0
317;Guayabo;8;2;27,45994508;0,0
318;Guayabo;8;3;30,95864776;0,0
319;Guayabo;8;4;26,9800894088889;0,0
320;Guayabo;8;5;30,6969995377778;0,0
321;Guayabo;8;6;36,3551961066667;0,0
322;Guayabo;8;7;26,9151433022222;0,0
323;Guayabo;8;8;45,8254997466667;0,0
324;Guayabo;8;9;37,9336158888889;0,0
325;Guayabo;8;10;30,1156386933333;0,0
326;Guayabo;8;11;23,9010274666667;0,0
327;Guayabo;8;12;20,1316443244444;0,0
328;Guayabo;8;13;33,0555611288889;0,0
329;Guayabo;8;14;32,89219228;0,0
330;Guayabo;8;15;27,8661091422222;0,0
331;Guayabo;9;1;33,7068859911111;0,0
332;Guayabo;9;2;16,1633368488889;0,0
333;Guayabo;9;3;25,29736876;0,0
334;Guayabo;9;4;25,5345009022222;0,0
335;Guayabo;9;5;31,21219564;0,0
336;Guayabo;9;6;26,1232452444444;0,0
337;Guayabo;9;7;29,3777190222222;0,0
338;Guayabo;9;8;40,1784142666667;0,0
339;Guayabo;9;9;23,5053293333333;0,0
340;Guayabo;9;10;21,8011033511111;0,0
341;Guayabo;9;11;19,9306411422222;0,0
342;Guayabo;9;12;17,8351614622222;0,0
343;Guayabo;9;13;26,9654657822222;0,0
344;Guayabo;9;14;20,1626120044444;0,0
345;Guayabo;9;15;23,8005258755556;0,0
346;Guayabo;10;1;39,6093831466667;0,0
347;Guayabo;10;2;30,8413720088889;0,0
348;Guayabo;10;3;29,2384361466667;0,0
349;Guayabo;10;4;26,6822405422222;0,0
350;Guayabo;10;5;41,9193426844444;0,0
351;Guayabo;10;6;46,4654984666667;0,0
352;Guayabo;10;7;40,2126794311111;0,0
353;Guayabo;10;8;34,6996438622222;0,0
354;Guayabo;10;9;35,0470983644444;0,0
355;Guayabo;10;10;29,4568586488889;0,0
356;Guayabo;10;11;28,6650322755556;0,0
357;Guayabo;10;12;34,9877436444444;0,0
358;Guayabo;10;13;31,1162101688889;0,0
359;Guayabo;10;14;33,8704698933333;0,0
360;Guayabo;10;15;34,8227977377778;0,0
361;Zapote;1;1;185,283213662222;1,8116999999999999
362;Zapote;1;2;359,873258746667;3,6151
363;Zapote;1;3;303,964911782222;3,0021000000000004
364;Zapote;1;4;350,854352053333;3,4196
365;Zapote;1;5;308,236444457778;1,9610999999999998
366;Zapote;1;6;239,471922488889;1,7461
367;Zapote;1;7;435,411817346667;3,0975
368;Zapote;1;8;808,190713364445;7,172600000000001
369;Zapote;1;9;376,2218282;3,0997
370;Zapote;1;10;436,739413257778;4,3582
371;Zapote;1;11;421,462096142222;3,5268
372;Zapote;1;12;251,118279124444;1,4273
373;Zapote;1;13;335,932159675556;2,4505
374;Zapote;1;14;203,926473866667;1,4202000000000001
375;Zapote;1;15;388,848111191111;3,6403
376;Zapote;3;1;346,770991044444;0,0
377;Zapote;3;2;105,137997608889;0,0
378;Zapote;3;3;86,2487880755556;0,0
379;Zapote;3;4;282,558216244444;0,0
380;Zapote;3;5;393,776703484444;0,0
381;Zapote;3;6;172,58481612;0,0
382;Zapote;3;7;198,394226866667;0,0
383;Zapote;3;8;301,133017804444;0,0
384;Zapote;3;9;165,789991;0,0
385;Zapote;3;10;337,862693448889;0,0
386;Zapote;3;11;521,674870626667;0,0
387;Zapote;3;12;352,979724146667;0,0
388;Zapote;3;13;297,025929244444;0,0
389;Zapote;3;14;447,356094533333;0,0
390;Zapote;3;15;339,664625328889;0,0
391;Guayacan rosado;1;1;284,267388453333;2,5169
392;Guayacan rosado;1;2;165,603969866667;1,4281000000000001
393;Guayacan rosado;1;3;260,726933742222;2,5814999999999997
394;Guayacan rosado;1;4;428,206096991111;4,377800000000001
395;Guayacan rosado;1;5;352,258076844444;3,5488
396;Guayacan rosado;1;6;312,217655133333;2,9222
397;Guayacan rosado;1;7;354,9706162222221;3,8741000000000003
398;Guayacan rosado;1;8;316,031410946667;3,3302000000000005
399;Guayacan rosado;1;9;280,514421048889;2,843
400;Guayacan rosado;1;10;283,661081422222;3,1022999999999996
401;Guayacan rosado;1;11;199,8254068;1,8176
402;Guayacan rosado;1;12;257,565578057778;2,4987
403;Guayacan rosado;1;13;157,913662666667;1,4055000000000002
404;Guayacan rosado;1;14;275,639735457778;2,3731999999999998
405;Guayacan rosado;1;15;263,245566697778;2,3703
406;Guayacan rosado;2;1;237,299166977778;0,0
407;Guayacan rosado;2;2;180,104729395556;0,0
408;Guayacan rosado;2;3;314,724890262222;0,0
409;Guayacan rosado;2;4;347,0742879288891;0,0
410;Guayacan rosado;2;5;169,288406942222;0,0
411;Guayacan rosado;2;6;170,018154586667;0,0
412;Guayacan rosado;2;7;359,51827737777785;0,0
413;Guayacan rosado;2;8;190,105641293333;0,0
414;Guayacan rosado;2;9;240,242530266667;0,0
415;Guayacan rosado;2;10;180,661215737778;0,0
416;Guayacan rosado;2;11;102,365530035556;0,0
417;Guayacan rosado;2;12;136,704027666667;0,0
418;Guayacan rosado;2;13;119,102557493333;0,0
419;Guayacan rosado;2;14;56,0128628844445;0,0
420;Guayacan rosado;2;15;91,0252659777778;0,0
421;Guayacan rosado;3;1;248,15412734666597;0,0
422;Guayacan rosado;3;2;424,62022602666696;0,0
423;Guayacan rosado;3;3;261,7381145155552;0,0
424;Guayacan rosado;3;4;261,3885094799997;0,0
425;Guayacan rosado;3;5;192,4064252222226;0,0
426;Guayacan rosado;3;6;190,60614208444468;0,0
427;Guayacan rosado;3;7;658,168791186667;0,0
428;Guayacan rosado;3;8;161,74727507111152;0,0
429;Guayacan rosado;3;9;476,559978777778;0,0
430;Guayacan rosado;3;10;331,38220461777803;0,0
431;Guayacan rosado;3;11;509,094178942222;0,0
432;Guayacan rosado;3;12;183,028164408889;0,0
433;Guayacan rosado;3;13;490,59607973777804;0,0
434;Guayacan rosado;3;14;279,36517603555603;0,0
435;Guayacan rosado;3;15;434,225009684445;0,0
436;Guayacan rosado;7;1;302,122836613333;0,0
437;Guayacan rosado;7;2;147,89067196;0,0
438;Guayacan rosado;7;3;758,865722408889;0,0
439;Guayacan rosado;7;4;714,60953852;0,0
440;Guayacan rosado;7;5;432,65189455111124;0,0
441;Guayacan rosado;7;6;240,75729626222233;0,0
442;Guayacan rosado;7;7;225,159836417778;0,0
443;Guayacan rosado;7;8;365,46249488;0,0
444;Guayacan rosado;7;9;459,624313724445;0,0
445;Guayacan rosado;7;10;393,26516328888795;0,0
446;Guayacan rosado;7;11;365,277118906667;0,0
447;Guayacan rosado;7;12;594,684545395556;0,0
448;Guayacan rosado;7;13;283,0418711911112;0,0
449;Guayacan rosado;7;14;630,330280555555;0,0
450;Guayacan rosado;7;15;282,0510488;0,0
451;Guayacan rosado;8;1;461,0926261999998;0,0
452;Guayacan rosado;8;2;533,41119124;0,0
453;Guayacan rosado;8;3;567,241374475555;0,0
454;Guayacan rosado;8;4;637,9453190888889;0,0
455;Guayacan rosado;8;5;790,387021373333;0,0
456;Guayacan rosado;8;6;945,810653177778;0,0
457;Guayacan rosado;8;7;398,269239302222;0,0
458;Guayacan rosado;8;8;743,172348777778;0,0
459;Guayacan rosado;8;9;713,392981813334;0,0
460;Guayacan rosado;8;10;307,282396186667;0,0
461;Guayacan rosado;8;11;155,51295062222232;0,0
462;Guayacan rosado;8;12;540,1795648;0,0
463;Guayacan rosado;8;13;860,6511819200001;0,0
464;Guayacan rosado;8;14;959,677865586667;0,0
465;Guayacan rosado;8;15;719,2284540133328;0,0
466;Guayacan rosado;9;1;701,430998568889;0,0
467;Guayacan rosado;9;2;476,33202224444403;0,0
468;Guayacan rosado;9;3;325,061643782222;0,0
469;Guayacan rosado;9;4;594,285478093333;0,0
470;Guayacan rosado;9;5;526,405542168889;0,0
471;Guayacan rosado;9;6;233,01458773333349;0,0
472;Guayacan rosado;9;7;503,536699017778;0,0
473;Guayacan rosado;9;8;940,9000536800003;0,0
474;Guayacan rosado;9;9;386,788330364444;0,0
475;Guayacan rosado;9;10;200,455799804444;0,0
476;Guayacan rosado;9;11;394,11505406222204;0,0
477;Guayacan rosado;9;12;424,983594475555;0,0
478;Guayacan rosado;9;13;246,433485626667;0,0
479;Guayacan rosado;9;14;515,36284024;0,0
480;Guayacan rosado;9;15;892,76014996;0,0
481;Guayacan rosado;10;1;149,532532475556;1,6508
482;Guayacan rosado;10;2;207,16467527555562;1,7232
483;Guayacan rosado;10;3;192,40993776;0,96
484;Guayacan rosado;10;4;135,626753835556;1,2377999999999998
485;Guayacan rosado;10;5;333,0024881155558;1,9811999999999999
486;Guayacan rosado;10;6;351,297218551111;1,8901
487;Guayacan rosado;10;7;237,506406706667;2,2824
488;Guayacan rosado;10;8;409,853660577778;2,2237
489;Guayacan rosado;10;9;609,077634888889;3,8895999999999997
490;Guayacan rosado;10;10;465,3829402;2,5713
491;Guayacan rosado;10;11;222,689160355556;1,0467
492;Guayacan rosado;10;12;480,13108274666604;2,8423999999999996
493;Guayacan rosado;10;13;492,4606638222224;4,3984000000000005
494;Guayacan rosado;10;14;202,597229213333;1,1531
495;Guayacan rosado;10;15;100,592415302222;0,5294000000000001
496;Indio desnudo;1;1;208,057720084444;2,3468
497;Indio desnudo;1;2;216,885874471111;2,7585000000000006
498;Indio desnudo;1;3;218,414831986667;1,9221000000000001
499;Indio desnudo;1;4;313,5865412844442;2,6456
500;Indio desnudo;1;5;216,068098328889;2,5835
501;Indio desnudo;1;6;282,0977153733335;2,5309999999999997
502;Indio desnudo;1;7;292,6837157066664;3,5801
503;Indio desnudo;1;8;322,5293190977775;2,9380999999999995
504;Indio desnudo;1;9;212,810398751111;2,0712
505;Indio desnudo;1;10;116,749730657778;1,3849000000000002
506;Indio desnudo;1;11;245,358649066667;2,2009999999999996
507;Indio desnudo;1;12;174,174418675556;1,6018999999999999
508;Indio desnudo;1;13;231,478103351111;2,2884
509;Indio desnudo;1;14;110,628667631111;1,0130000000000001
510;Indio desnudo;1;15;177,245308591111;2,4680000000000004
511;Siempre Verde;1;1;57,6869814;0,29980000000000007
512;Siempre Verde;1;2;76,0542564933333;0,4621000000000002
513;Siempre Verde;1;3;48,1394019288889;0,28490000000000015
514;Siempre Verde;1;4;111,379275448889;0,7820000000000003
515;Siempre Verde;1;5;76,9513873155556;0,4161999999999999
516;Siempre Verde;1;6;158,042479613333;0,8264000000000002
517;Siempre Verde;1;7;75,7874469911111;0,3844000000000001
518;Siempre Verde;1;8;73,8622895511111;0,3858999999999999
519;Siempre Verde;1;9;100,973776546667;0,5362
520;Siempre Verde;1;10;88,8001091377778;0,45930000000000004
521;Siempre Verde;1;11;107,430179404444;0,6830999999999998
522;Siempre Verde;1;12;93,7182355022222;0,5047999999999999
523;Siempre Verde;1;13;119,036034328889;0,6396
524;Siempre Verde;1;14;97,5276185644445;0,4958999999999998
525;Siempre Verde;1;15;56,0086335022222;0,28049999999999997
526;Mango;2;1;104,814127288889;1,1392
527;Mango;2;2;74,2126114311111;0,8324
528;Mango;2;3;80,85016088;0,9373
529;Mango;2;4;94,5657606888889;1,1604000000000003
530;Mango;2;5;66,6546337155556;0,8963000000000001
531;Mango;2;6;50,14699648;0,6278000000000001
532;Mango;2;7;41,4118168177778;0,5204
533;Mango;2;8;36,6692456577778;0,41280000000000006
534;Mango;2;9;45,9801230933333;0,6687999999999998
535;Mango;2;10;37,4313229866667;0,42569999999999997
536;Mango;2;11;59,09149472;0,6263999999999998
537;Mango;2;12;49,18570808;0,5056
538;Mango;2;13;46,78764836;0,5083000000000002
539;Mango;2;14;30,4281828711111;0,3788
540;Mango;2;15;71,6492473822222;1,0967
541;Mango;4;1;87,0405427644445;0,0
542;Mango;4;2;73,0403557111111;0,0
543;Mango;4;3;118,903919897778;0,0
544;Mango;4;4;43,6913821511111;0,0
545;Mango;4;5;78,0080877111111;0,0
546;Mango;4;6;79,4169737822222;0,0
547;Mango;4;7;72,9091014933333;0,0
548;Mango;4;8;85,6136638977778;0,0
549;Mango;4;9;53,0088545555556;0,0
550;Mango;4;10;37,17863532;0,0
551;Mango;4;11;60,7104162133333;0,0
552;Mango;4;12;44,8834227777778;0,0
553;Mango;4;13;66,4467488266667;0,0
554;Mango;4;14;112,22364652;0,0
555;Mango;4;15;67,5293989911111;0,0
556;Mango;5;1;68,8590020666667;0,0
557;Mango;5;2;76,8493803511111;0,0
558;Mango;5;3;68,30696016;0,0
559;Mango;5;4;83,24047868;0,0
560;Mango;5;5;69,8225843688889;0,0
561;Mango;5;6;86,5031961688889;0,0
562;Mango;5;7;68,9268872355556;0,0
563;Mango;5;8;74,94114044;0,0
564;Mango;5;9;83,5879331822222;0,0
565;Mango;5;10;55,3839752533333;0,0
566;Mango;5;11;74,9845095288889;0,0
567;Mango;5;12;75,3113189111111;0,0
568;Mango;5;13;56,9782372977778;0,0
569;Mango;5;14;30,3421615377778;0,0
570;Mango;5;15;33,6571369866667;0,0
571;Mango;7;1;114,364574137778;0,0
572;Mango;7;2;81,0300171511111;0,0
573;Mango;7;3;92,91723352;0,0
574;Mango;7;4;50,7987514488889;0,0
575;Mango;7;5;58,1676972844445;0,0
576;Mango;7;6;44,8749640133333;0,0
577;Mango;7;7;73,5551217066667;0,0
578;Mango;7;8;87,1515102844445;0,0
579;Mango;7;9;104,154702084444;0,0
580;Mango;7;10;40,9108142355556;0,0
581;Mango;7;11;91,5699243866667;0,0
582;Mango;7;12;87,9376735866667;0,0
583;Mango;7;13;45,6568979333333;0,0
584;Mango;7;14;46,7087954711111;0,0
585;Mango;7;15;33,6382839777778;0,0
586;Mango;Lado Dogger;1;54,6125789466667;0,0
587;Mango;Lado Dogger;2;56,4066255377778;0,0
588;Mango;Lado Dogger;3;104,329755497778;0,0
589;Mango;Lado Dogger;4;52,6408983022222;0,0
590;Mango;Lado Dogger;5;43,0530321733333;0,0
591;Mango;Lado Dogger;6;74,75210856;0,0
592;Mango;Lado Dogger;7;74,8818574044445;0,0
593;Mango;Lado Dogger;8;105,303947097778;0,0
594;Mango;Lado Dogger;9;50,7380347244444;0,0
595;Mango;Lado Dogger;10;50,3939493911111;0,0
596;Mango;Lado Dogger;11;47,7105138977778;0,0
597;Mango;Lado Dogger;12;56,5667685866667;0,0
598;Mango;Lado Dogger;13;33,5098971377778;0,0
599;Mango;Lado Dogger;14;17,2506465022222;0,0
600;Mango;Lado Dogger;15;27,4989414177778;0,0
601;Mango;Gimnasio;1;41,1798459555556;0,0
602;Mango;Gimnasio;2;58,1982348577778;0,0
603;Mango;Gimnasio;3;49,7442732711111;0,0
604;Mango;Gimnasio;4;98,9942106133333;0,0
605;Mango;Gimnasio;5;87,4968859377778;0,0
606;Mango;Gimnasio;6;60,07923468;0,0
607;Mango;Gimnasio;7;107,41526904;0,0
608;Mango;Gimnasio;8;60,5623161511111;0,0
609;Mango;Gimnasio;9;84,8442747555556;0,0
610;Mango;Gimnasio;10;40,8609218622222;0,0
611;Mango;Gimnasio;11;35,02186544;0,0
612;Mango;Gimnasio;12;61,0833186933333;0,0
613;Mango;Gimnasio;13;59,6909200444444;0,0
614;Mango;Gimnasio;14;58,7702767244445;0,0
615;Mango;Gimnasio;15;25,4858271644444;0,0
616;Gualanday;Nuevo;1;169,357940853333;2,0107
617;Gualanday;Nuevo;2;262,685496133333;2,9940999999999995
618;Gualanday;Nuevo;3;139,08552828;1,5566
619;Gualanday;Nuevo;4;275,95364164;3,399
620;Gualanday;Nuevo;5;309,403395528889;3,5371
621;Gualanday;Nuevo;6;198,444836084444;1,9931999999999999
622;Gualanday;Nuevo;7;307,367915728889;3,1341
623;Gualanday;Nuevo;8;158,896384715556;1,6209
624;Gualanday;Nuevo;9;150,926508182222;1,6978999999999997
625;Gualanday;Nuevo;10;206,066254533333;2,1055
626;Gualanday;Nuevo;11;214,30215204;2,2927999999999997
627;Gualanday;Nuevo;12;179,9237261733333;1,9505
628;Gualanday;Nuevo;13;337,061404728889;3,0271
629;Gualanday;Nuevo;14;333,542630404444;3,5081999999999995
630;Gualanday;Nuevo;15;366,347511031112;4,3714
631;Gualanday;Nuevo 2;1;153,841269377778;0,0
632;Gualanday;Nuevo 2;2;152,864138715556;0,0
633;Gualanday;Nuevo 2;3;225,3627750800003;0,0
634;Gualanday;Nuevo 2;4;145,607737457778;0,0
635;Gualanday;Nuevo 2;5;356,751616244444;0,0
636;Gualanday;Nuevo 2;6;160,388353057778;0,0
637;Gualanday;Nuevo 2;7;34,3073865822222;0,0
638;Gualanday;Nuevo 2;8;77,8647905066667;0,0
639;Gualanday;Nuevo 2;9;187,9387639066666;0,0
640;Gualanday;Nuevo 2;10;163,9119302399999;0,0
641;Gualanday;Nuevo 2;11;452,683539075555;0,0
642;Gualanday;Nuevo 2;12;148,3850078888889;0,0
643;Gualanday;Nuevo 2;13;210,21785913333292;0,0
644;Gualanday;Nuevo 2;14;184,1792732177778;0,0
645;Gualanday;Nuevo 2;15;143,858565328889;0,0
646;Gualanday;Nuevo 3;1;118,59137572;0,0
647;Gualanday;Nuevo 3;2;260,617041488889;0,0
648;Gualanday;Nuevo 3;3;172,1337775955556;0,0
649;Gualanday;Nuevo 3;4;76,1259409377778;0,0
650;Gualanday;Nuevo 3;5;226,033239688889;0,0
651;Gualanday;Nuevo 3;6;247,396351084445;0,0
652;Gualanday;Nuevo 3;7;199,8816074044446;0,0
653;Gualanday;Nuevo 3;8;182,2558362044444;0,0
654;Gualanday;Nuevo 3;9;183,5719626044442;0,0
655;Gualanday;Nuevo 3;10;81,49453235111119;0,0
656;Gualanday;Nuevo 3;11;150,9462930888889;0,0
657;Gualanday;Nuevo 3;12;298,93187525333303;0,0
658;Gualanday;Nuevo 3;13;212,961151137778;0,0
659;Gualanday;Nuevo 3;14;82,8782571822222;0,0
660;Gualanday;Nuevo 3;15;271,996731991111;0,0
661;Gualanday;Nuevo 1;1;166,2540760933333;0,0
662;Gualanday;Nuevo 1;2;201,60432797333368;0,0
663;Gualanday;Nuevo 1;3;95,90561464;0,0
664;Gualanday;Nuevo 1;4;148,68579581777772;0,0
665;Gualanday;Nuevo 1;5;152,7771138000001;0,0
666;Gualanday;Nuevo 1;6;129,1102794133333;0,0
667;Gualanday;Nuevo 1;7;195,70398135111088;0,0
668;Gualanday;Nuevo 1;8;124,08161563555561;0,0
669;Gualanday;Nuevo 1;9;204,5478346311114;0,0
670;Gualanday;Nuevo 1;10;303,587708235555;0,0
671;Gualanday;Nuevo 1;11;207,1489046977776;0,0
672;Gualanday;Nuevo 1;12;277,01170404;0,0
673;Gualanday;Nuevo 1;13;101,6524131822222;0,0
674;Gualanday;Nuevo 1;14;62,5565773955555;0,0
675;Gualanday;Nuevo 1;15;63,1416658311111;0,0
676;Caoba;Cafeteria;1;515,33703384;1,4874999999999998
677;Caoba;Cafeteria;2;127,395587502222;4,5042
678;Caoba;Cafeteria;3;309,248485444445;3,0337
679;Caoba;Cafeteria;4;214,7430113733333;1,9193000000000002
680;Caoba;Cafeteria;5;243,8112686488887;2,6933
681;Caoba;Cafeteria;6;387,497791311111;4,6014
682;Caoba;Cafeteria;7;487,959597555555;4,27
683;Caoba;Cafeteria;8;266,816527297778;2,1849
684;Caoba;Cafeteria;9;432,074404666666;3,7180999999999997
685;Caoba;Cafeteria;10;496,17621194666697;5,1705
686;Caoba;Cafeteria;11;538,140715831111;5,4125
687;Caoba;Cafeteria;12;606,788033733333;5,5718
688;Caoba;Cafeteria;13;433,794759648889;4,1232
689;Caoba;Cafeteria;14;524,38733832;5,339099999999999
690;Caoba;Cafeteria;15;457,142598257778;3,9394
691;Falso Laurel;1;1;18,3544435777778;0,30279999999999996
692;Falso Laurel;1;2;15,1772456311111;0,19589999999999996
693;Falso Laurel;1;3;16,17867732;0,17400000000000004
694;Falso Laurel;1;4;11,6339552266667;0,11840000000000006
695;Falso Laurel;1;5;9,90506979555556;0,09010000000000007
696;Falso Laurel;1;6;16,0376023333333;0,19540000000000002
697;Falso Laurel;1;7;14,0433410888889;0,17559999999999998
698;Falso Laurel;1;8;16,3950926577778;0,14800000000000002
699;Falso Laurel;1;9;13,1069271911111;0,13740000000000008
700;Falso Laurel;1;10;12,8076446355556;0,13739999999999997
701;Falso Laurel;1;11;10,5280076177778;0,0988
702;Falso Laurel;1;12;14,3706522622222;0,12860000000000005
703;Falso Laurel;1;13;10,6115199955556;0,12090000000000001
704;Falso Laurel;1;14;9,53073362666667;0,059700000000000086
705;Falso Laurel;1;15;11,8667146177778;0,14970000000000006
706;Guayacan amarillo;1;1;402,075826671112;1,9278
707;Guayacan amarillo;1;2;344,078881733334;2,8586
708;Guayacan amarillo;1;3;235,902969053334;1,6638
709;Guayacan amarillo;1;4;209,0347790622227;3,2586000000000004
710;Guayacan amarillo;1;5;423,294924017777;3,2465
711;Guayacan amarillo;1;6;345,46188972000004;2,2936
712;Guayacan amarillo;1;7;344,77221368;2,871
713;Guayacan amarillo;1;8;324,664942066666;2,7445999999999997
714;Guayacan amarillo;1;9;406,969652008889;2,8844
715;Guayacan amarillo;1;10;245,14990396444398;1,6345
716;Guayacan amarillo;1;11;237,315797768889;1,6181
717;Guayacan amarillo;1;12;365,909877497778;2,2348
718;Guayacan amarillo;1;13;86,7080703111111;0,4768999999999999
719;Guayacan amarillo;1;14;271,3280594933336;2,2497999999999996
720;Guayacan amarillo;1;15;84,5558882355555;0,6675
721;Majagua;1;1;172,507611973333;0,8461000000000001
722;Majagua;1;2;136,898077457778;1,9615
723;Majagua;1;3;180,208098364444;1,1832999999999998
724;Majagua;1;4;213,85054004;1,4566000000000001
725;Majagua;1;5;95,3165118755556;0,7373000000000001
726;Majagua;1;6;263,040334133333;1,5275999999999998
727;Majagua;1;7;235,62339972;1,2430999999999999
728;Majagua;1;8;225,486215693333;1,5325999999999997
729;Majagua;1;9;228,333020035556;2,1371
730;Majagua;1;10;282,529542466667;2,2481999999999998
731;Majagua;1;11;193,190724728889;1,3584
732;Majagua;1;12;122,567281746667;0,8328
733;Majagua;1;13;208,771410413333;1,3964
734;Majagua;1;14;376,277527013333;3,4504
735;Majagua;1;15;295,263495493333;2,4322999999999997
736;Terminalia;1;1;24,5990905866667;0,18090000000000006
737;Terminalia;1;2;44,3185493555556;0,3700999999999999
738;Terminalia;1;3;29,0208021733333;0,21820000000000006
739;Terminalia;1;4;40,4027148933333;0,32510000000000006
740;Terminalia;1;5;44,7247851022222;0,2159000000000001
741;Terminalia;1;6;24,6534273955556;0,18509999999999993
742;Terminalia;1;7;40,4983419422222;0,29190000000000005
743;Terminalia;1;8;44,6893013022222;0,38070000000000004
744;Terminalia;1;9;26,6566491955556;0,4201999999999999
745;Terminalia;1;10;41,6629991111111;0,3277
746;Terminalia;1;11;45,8900874311111;0,38040000000000007
747;Terminalia;1;12;40,9943266133333;0,29979999999999996
748;Terminalia;1;13;20,0517878533333;0,15779999999999994
749;Terminalia;1;14;31,7782876977778;0,2871
750;Terminalia;1;15;30,8316946088889;0,24790000000000012
751;Falso pimiento;1;1;126,348564506667;0,8923500000000002
752;Falso pimiento;1;2;70,5905398222222;0,9581
753;Falso pimiento;1;3;119,756391311111;0,7026999999999999
754;Falso pimiento;1;4;142,848603191111;0,8046
755;Falso pimiento;1;5;135,612130208889;0,7769999999999999
756;Falso pimiento;1;6;119,278112697778;0,7380999999999998
757;Falso pimiento;1;7;26,8904121688889;0,17819999999999991
758;Falso pimiento;1;8;109,315336924444;0,8904000000000001
759;Falso pimiento;1;9;102,897643666667;0,855
760;Falso pimiento;1;10;134,266899924444;0,7613000000000001
761;Falso pimiento;1;11;134,872275057778;0,9678999999999998
762;Falso pimiento;1;12;104,391189066667;1,2951000000000001
763;Falso pimiento;1;13;73,7826481333333;0,4912000000000001
764;Falso pimiento;1;14;121,230438542222;0,8943000000000001
765;Falso pimiento;1;15;67,5838074844445;0,9048
766;Jabuticaba;1;1;4,15031428;0,0242
767;Jabuticaba;1;2;5,24393216444445;0,02629999999999999
768;Jabuticaba;1;3;3,93382725777778;0,025700000000000056
769;Jabuticaba;1;4;5,58049063111111;0,02760000000000007
770;Jabuticaba;1;5;5,87776602222222;0,02210000000000001
771;Jabuticaba;1;6;5,21576017777778;0,030000000000000027
772;Jabuticaba;1;7;5,43884216888889;0,03290000000000015
773;Jabuticaba;1;8;5,69726459111111;0,03380000000000005
774;Jabuticaba;1;9;5,75432540888889;0,019200000000000106
775;Jabuticaba;1;10;6,68500455111111;0,03610000000000002
776;Jabuticaba;1;11;3,92594196888889;0,031100000000000128
777;Jabuticaba;1;12;5,22457736444444;0,0
778;Jabuticaba;1;13;4,26938214222222;0,03370000000000006
779;Jabuticaba;1;14;5,49468435111111;0,029199999999999893
780;Jabuticaba;1;15;5,36364518666667;0,03330000000000011
781;Cerezo;1;1;8,22693695111111;0,03730000000000011
782;Cerezo;1;2;8,26191896;0,0605
783;Cerezo;1;3;8,54478577777778;0,05590000000000006
784;Cerezo;1;4;8,97661287111111;0,04960000000000009
785;Cerezo;1;5;7,24292458222222;0,04880000000000018
786;Cerezo;1;6;8,12277945333334;0,0411999999999999
787;Cerezo;1;7;8,11044972888889;0,04279999999999995
788;Cerezo;1;8;7,15045164888889;0,04679999999999995
789;Cerezo;1;9;6,09812400444445;0,036799999999999944
790;Cerezo;1;10;9,10277749333334;0,04420000000000002
791;Cerezo;1;11;7,37912502666667;0,03590000000000004
792;Cerezo;1;12;8,81295728444445;0,04410000000000003
793;Cerezo;1;13;9,26922877333333;0,04740000000000011
794;Cerezo;1;14;6,19009514666667;0,04339999999999988
795;Cerezo;1;15;6,26493370666667;0,038000000000000034
796;Carambolo;1;1;131,735292084444;0,9613
797;Carambolo;1;2;134,884963204444;1,0485
798;Carambolo;1;3;115,072099604444;1,1387
799;Carambolo;1;4;108,402220471111;0,8235000000000001
800;Carambolo;1;5;76,5138971511111;0,6635
801;Carambolo;1;6;93,5878414977778;0,8138000000000001
802;Carambolo;1;7;67,8528392044445;0,2217
803;Carambolo;1;8;49,6849185511111;0,16369999999999996
804;Carambolo;1;9;132,950630155556;0,794
805;Carambolo;1;10;37,8250139555556;0,15039999999999987
806;Carambolo;1;11;58,93343052;0,33729999999999993
807;Carambolo;1;12;68,3529098888889;0,34350000000000014
808;Carambolo;1;13;64,6283295244445;0,43789999999999996
809;Carambolo;1;14;113,090884928889;0,7827000000000002
810;Carambolo;1;15;29,0833826933333;0,18099999999999983
811;Acasia;1;1;156,128648315556;1,0587
812;Acasia;1;2;151,427367395556;0,8904000000000001
813;Acasia;1;3;154,719188768889;0,9181999999999999
814;Acasia;1;4;149,321493471111;0,9358000000000002
815;Acasia;1;5;91,8292787066667;0,6244000000000001
816;Acasia;1;6;98,0803056311111;0,792
817;Acasia;1;7;97,5253963466667;0,8351999999999999
818;Acasia;1;8;90,10433592;0,7107000000000001
819;Acasia;1;9;106,725449631111;0,8278000000000001
820;Acasia;1;10;99,0334936888889;0,7473000000000001
821;Acasia;1;11;120,826281644444;0,6546000000000001
822;Acasia;1;12;106,417995048889;0,7732999999999999
823;Acasia;1;13;166,410993342222;1,0165
824;Acasia;1;14;110,431105302222;0,5914999999999999
825;Acasia;1;15;102,90689096;0,6043000000000001
826;Totumo;1;1;96,0907038755556;0,8499000000000001
827;Totumo;1;2;96,0865461777778;0,7599999999999998
828;Totumo;1;3;58,5557251822222;0,3174999999999999
829;Totumo;1;4;73,2612154844445;0,5344
830;Totumo;1;5;52,8492132977778;0,31000000000000005
831;Totumo;1;6;62,9543543777778;0,33119999999999994
832;Totumo;1;7;104,210185844444;0,7013999999999998
833;Totumo;1;8;44,0094460311111;0,1673
834;Totumo;1;9;35,7584947911111;0,20130000000000003
835;Totumo;1;10;95,4775151377778;0,498
836;Totumo;1;11;93,5342215333333;0,8397999999999999
837;Totumo;1;12;63,25084124;0,5489999999999999
838;Totumo;1;13;49,6372483955556;0,32889999999999997
839;Totumo;1;14;72,8709653688889;0,5758000000000001
840;Totumo;1;15;49,1892923022222;0,21409999999999996
841;Azuceno;1;1;25,3807377688889;0,1201000000000001
842;Azuceno;1;2;37,7828635022222;0,22009999999999996
843;Azuceno;1;3;28,9563578577778;0,16300000000000003
844;Azuceno;1;4;28,0015210577778;0,1491
845;Azuceno;1;5;24,6059006088889;0,13069999999999982
846;Azuceno;1;6;42,5064382844445;0,24619999999999997
847;Azuceno;1;7;39,20508288;0,22739999999999982
848;Azuceno;1;8;36,8819334044444;0,20450000000000013
849;Azuceno;1;9;33,0342708488889;0,17449999999999988
850;Azuceno;1;10;30,3739894311111;0,15029999999999988
851;Azuceno;1;11;32,7370671422222;0,17609999999999992
852;Azuceno;1;12;27,3451782844444;0,13470000000000004
853;Azuceno;1;13;31,7137716977778;0,28300000000000014
854;Azuceno;1;14;52,4484255688889;0,1581999999999999
855;Azuceno;1;15;32,3145590266667;0,2715000000000001
856;Pero de agua;1;1;190,616536328889;2,1167
857;Pero de agua;1;2;189,189800831111;2,4971
858;Pero de agua;1;3;206,663816062222;3,2081000000000004
859;Pero de agua;1;4;196,1221884;1,3233
860;Pero de agua;1;5;169,384607466667;1,1598
861;Pero de agua;1;6;215,687453928889;1,6698
862;Pero de agua;1;7;203,288267257778;1,8321
863;Pero de agua;1;8;157,92097448;1,2606
864;Pero de agua;1;9;184,543215142222;1,5340999999999998
865;Pero de agua;1;10;187,065575688889;1,6326
866;Pero de agua;1;11;137,987681013333;1,2114999999999998
867;Pero de agua;1;12;181,714977071111;1,5371000000000001
868;Pero de agua;1;13;114,112531631111;1,1947999999999999
869;Pero de agua;1;14;146,434259102222;1,5240999999999998
870;Pero de agua;1;15;139,178144582222;1,2893000000000001
871;Churibio;1;1;32,4965658311111;0,3647999999999998
872;Churibio;1;2;24,6558646666667;0,2489999999999999
873;Churibio;1;3;27,3043181511111;0,2855000000000001
874;Churibio;1;4;29,9357824222222;0,2876000000000001
875;Churibio;1;5;27,8117006488889;0,2865
876;Churibio;1;6;29,83348872;0,2761999999999998
877;Churibio;1;7;31,5388616533333;0,3061999999999998
878;Churibio;1;8;34,2169924977778;0,3460000000000003
879;Churibio;1;9;24,9421006533333;0,2235999999999998
880;Churibio;1;10;28,35542716;0,26849999999999996
881;Churibio;1;11;40,0655112666667;0,4062000000000001
882;Churibio;1;12;27,0140678355556;0,28990000000000005
883;Churibio;1;13;45,36313508;0,4600000000000002
884;Churibio;1;14;23,2233227288889;0,20069999999999988
885;Churibio;1;15;28,39478192;0,2950999999999999
886;Muli;1;1;13,0227696533333;0,10530000000000017
887;Muli;1;2;15,8759539111111;0,12339999999999995
888;Muli;1;3;11,42320296;0,09119999999999995
889;Muli;1;4;8,66084289333333;0,06640000000000001
890;Muli;1;5;15,3064926844444;0,10970000000000013
891;Muli;1;6;14,1233409288889;0,09570000000000012
892;Muli;1;7;11,5976828977778;0,11299999999999999
893;Muli;1;8;9,78829583555556;0,0838000000000001
894;Muli;1;9;10,00385096;0,0728000000000002
895;Muli;1;10;11,1247089333333;0,13480000000000003
896;Muli;1;11;10,3163234533333;0,09370000000000012
897;Muli;1;12;17,0115071955556;0,16500000000000004
898;Muli;1;13;11,07868752;0,05950000000000011
899;Muli;1;14;9,55374433333333;0,06020000000000003
900;Muli;1;15;14,0827675333333;0,11450000000000005
901;Carbonero;1;1;20,0034008533333;0,19009999999999994
902;Carbonero;1;2;34,85218836;0,4214
903;Carbonero;1;3;19,0289942;0,14579999999999993
904;Carbonero;1;4;28,5557851822222;0,2692999999999999
905;Carbonero;1;5;20,44576556;0,24760000000000004
906;Carbonero;1;6;19,6499248577778;0,27649999999999997
907;Carbonero;1;7;28,0327037911111;0,3032999999999999
908;Carbonero;1;8;9,55517802222222;0,11830000000000007
909;Carbonero;1;9;19,5689214355556;0,20359999999999978
910;Carbonero;1;10;11,5123067244444;0,11380000000000012
911;Carbonero;1;11;8,92994629777778;0,12670000000000003
912;Carbonero;1;12;6,65776446222222;0,07820000000000005
913;Carbonero;1;13;33,9982115733333;0,2168000000000001
914;Carbonero;1;14;13,08900608;0,24659999999999993
915;Carbonero;1;15;18,4303574044444;0,23239999999999994
916;Franyipan;1;1;195,649071066667;1,5643999999999998
917;Franyipan;1;2;193,797246813333;1,6517
918;Franyipan;1;3;164,601893017778;1,5956
919;Franyipan;1;4;93,0984517955556;0,7161
920;Franyipan;1;5;65,8976459822222;0,5362
921;Franyipan;1;6;104,769754617778;0,9265999999999999
922;Franyipan;1;7;125,863260817778;1,1406
923;Franyipan;1;8;62,1036033911111;0,5774999999999999
924;Franyipan;1;9;95,0950786266667;0,9260999999999999
925;Franyipan;1;10;83,1492960666667;0,8433999999999999
926;Franyipan;1;11;119,0900844;1,1319000000000001
927;Franyipan;1;12;84,2405483644444;0,8781999999999999
928;Franyipan;1;13;102,172770564444;1,0241
929;Franyipan;1;14;44,1043562355556;0,4120999999999999
930;Franyipan;1;15;67,1364248666667;0,6905999999999999
931;Abarco;1;1;11,5865718088889;0,10139999999999993
932;Abarco;1;2;13,51545684;0,09820000000000007
933;Abarco;1;3;12,6184693866667;0,06309999999999993
934;Abarco;1;4;13,3177511422222;0,09060000000000001
935;Abarco;1;5;15,0492888977778;0,10709999999999997
936;Abarco;1;6;14,2112260577778;0,0807
937;Abarco;1;7;12,01481468;0,08279999999999998
938;Abarco;1;8;15,7566709955556;-0,09289999999999998
939;Abarco;1;9;10,0437791955556;0,05339999999999989
940;Abarco;1;10;15,5913666666667;0,10899999999999999
941;Abarco;1;11;12,2371798266667;0,07499999999999996
942;Abarco;1;12;16,6611853155556;0,13569999999999993
943;Abarco;1;13;10,9055695866667;0,06719999999999993
944;Abarco;1;14;12,0388289688889;0,08020000000000005
945;Abarco;1;15;9,88270424888889;0,05950000000000011
946;Varasanta;1;1;269,628564684444;3,4345999999999997
947;Varasanta;1;2;271,05042564;3,4574
948;Varasanta;1;3;237,19020662222198;3,1886
949;Varasanta;1;4;224,446576195555;2,7247999999999997
950;Varasanta;1;5;219,11153310222198;2,6839999999999993
951;Varasanta;1;6;236,32476032444401;2,9522
952;Varasanta;1;7;234,16849223555602;3,0516
953;Varasanta;1;8;283,346028288889;-3,6839000000000004
954;Varasanta;1;9;145,5564830800001;2,0472
955;Varasanta;1;10;249,62595235999999;3,3959
956;Varasanta;1;11;241,753136564444;2,952
957;Varasanta;1;12;226,862557026666;2,8309999999999995
958;Varasanta;1;13;370,773595368889;4,9282
959;Varasanta;1;14;277,918225524445;3,3827
960;Leucaena;1;1;86,1877846133333;0,6204000000000001
961;Leucaena;1;2;89,0777429911111;0,6166000000000003
962;Leucaena;1;3;65,6500479111111;0,40369999999999995
963;Leucaena;1;4;97,2792319644445;0,7565999999999997
964;Leucaena;1;5;107,941791284444;0,8513999999999999
965;Leucaena;1;6;64,2790829111111;0,4458
966;Leucaena;1;7;43,6832818088889;0,31820000000000004
967;Leucaena;1;8;55,1101406755556;0,34309999999999996
968;Leucaena;1;9;65,0040993822222;0,41579999999999995
969;Leucaena;1;10;47,1175401733333;0,365
970;Guayacan Manizaleño;1;1;30,2278965333333;0,3180999999999998
971;Guayacan Manizaleño;1;2;30,9396513822222;0,29689999999999994
972;Guayacan Manizaleño;1;3;27,1765047866667;0,23760000000000003
973;Guayacan Manizaleño;1;4;29,6921269955556;0,3327
974;Guayacan Manizaleño;1;5;26,84123664;0,2922000000000001
975;Guayacan Manizaleño;1;6;20,1864829244444;0,18920000000000003
976;Guayacan Manizaleño;1;7;22,9901332311111;0,24359999999999993
977;Guayacan Manizaleño;1;8;24,8495560355556;0,24659999999999993
978;Guayacan Manizaleño;1;9;27,4183681022222;0,2742
979;Guayacan Manizaleño;1;10;20,6426110444444;0,16439999999999988
980;Guayacan Manizaleño;1;11;34,0606487244444;0,31169999999999987
981;Guayacan Manizaleño;1;12;27,49929984;0,2533000000000001
982;Guayacan Manizaleño;1;13;19,1194599688889;0,1524000000000001
983;Guayacan Manizaleño;1;14;21,12640936;0,21879999999999988
984;Guayacan Manizaleño;1;15;27,3491209288889;0,2954999999999999
985;Ciruelo;1;1;96,90174168;0,8143000000000002
986;Ciruelo;1;2;156,363414871111;0,5050999999999999
987;Ciruelo;1;3;164,435370053333;0,9211
988;Ciruelo;1;4;81,6148188488889;0,43669999999999987
989;Ciruelo;1;5;48,3638459244444;0,29089999999999994
990;Ciruelo;1;6;88,9570263866667;0,4124000000000001
991;Ciruelo;1;7;77,6229988755556;0,3813
992;Ciruelo;1;8;62,78568088;0,3005
993;Ciruelo;1;9;51,8462045511111;0,2450000000000001
994;Ciruelo;1;10;161,794873542222;0,9945999999999999
995;Ciruelo;1;11;45,4522388444445;0,21720000000000006
996;Ciruelo;1;12;47,9227715377778;0,35030000000000006
997;Ciruelo;1;13;148,177266368889;0,8149
998;Ciruelo;1;14;132,796150177778;0,7609999999999999
999;Ciruelo;1;15;29,1970025377778;0,2229
1000;Mamoncillo;1;1;252,24594712;2,5648
1001;Mamoncillo;1;2;172,468830688889;1,8519999999999999
1002;Mamoncillo;1;3;178,433621626667;2,0497000000000005
1003;Mamoncillo;1;4;221,756832471111;2,4522999999999997
1004;Mamoncillo;1;5;141,456849702222;1,7265999999999997
1005;Mamoncillo;1;6;204,958514813333;2,0633999999999997
1006;Mamoncillo;1;7;201,184328813333;2,6637999999999997
1007;Mamoncillo;1;8;111,634400386667;1,2518000000000002
1008;Mamoncillo;1;9;151,540270395556;1,7693
1009;Mamoncillo;1;10;170,270268777778;2,0156
1010;Mamoncillo;1;11;189,864924928889;2,5187999999999997
1011;Mamoncillo;1;12;106,357350008889;0,9627000000000001
1012;Mamoncillo;1;13;128,952286897778;1,2402000000000002
1013;Mamoncillo;1;14;212,590184137778;2,6956999999999995
1014;Mamoncillo;1;15;117,920982795556;1,6459
1015;Bucaro;1;1;208,404314373333;1,8355000000000001
1016;Bucaro;1;2;176,553123595556;2,0296000000000003
1017;Bucaro;1;3;233,120680711111;1,3381
1018;Bucaro;1;4;263,144204893333;1,8252999999999997
1019;Bucaro;1;5;201,736155666667;2,1616
1020;Bucaro;1;6;237,999237262222;1,9878
1021;Bucaro;1;7;163,500103106667;1,2489999999999999
1022;Bucaro;1;8;284,707029151111;2,5358
1023;Bucaro;1;9;257,894896395556;2,1323999999999996
1024;Bucaro;1;10;211,178574057778;1,8449000000000002
1025;Bucaro;1;11;272,155943142222;2,1432
1026;Bucaro;1;12;155,079904893333;1,5275999999999998
1027;Bucaro;1;13;175,744308008889;1,9866000000000001
1028;Bucaro;1;14;187,21962556;1,579
1029;Bucaro;1;15;112,240922471111;1,2714
1030;Almendro;1;1;492,96202482666604;3,7019
1031;Almendro;1;2;247,535562275555;0,0
1032;Almendro;1;3;156,5801169466666;1,2182
1033;Almendro;1;4;197,134659493333;1,958
1034;Almendro;1;5;209,1461766888888;1,5805000000000002
1035;Almendro;1;6;251,862005235556;2,0265999999999997
1036;Almendro;1;7;212,7298971200001;1,8864
1037;Almendro;1;8;243,25478230666698;2,1461
1038;Almendro;1;9;252,35906517333302;2,1515999999999997
1039;Almendro;1;10;366,09152587999995;3,2762000000000002
1040;Almendro;1;11;315,394781395556;1,8586
1041;Almendro;1;12;128,4066249066667;0,9897
1042;Almendro;1;13;231,10957362222177;2,1254
1043;Almendro;1;14;334,67481452000004;2,9915000000000003
1044;Almendro;1;15;401,931024093333;3,4086999999999996
1045;Caracoli;1;1;328,331171293333;4,1478
1046;Caracoli;1;2;201,5643280533335;2,4768
1047;Caracoli;1;3;148,09948874666668;1,8508000000000002
1048;Caracoli;1;4;131,3094864844445;1,5503
1049;Caracoli;1;5;160,2782457511113;1,7936
1050;Caracoli;1;6;218,74751949333398;2,5213
1051;Caracoli;1;7;214,029034306667;2,4383
1052;Caracoli;1;8;212,0554181822226;2,6759
1053;Caracoli;1;9;148,5327495288889;1,3441
1054;Caracoli;1;10;404,341843644444;5,3232
1055;Caracoli;1;11;276,307547742222;3,6103000000000005
1056;Caracoli;1;12;235,23228939111158;2,9352
1057;Caracoli;1;13;318,133127173333;3,9880999999999998
1058;Caracoli;1;14;295,152169551111;3,7782000000000004
1059;Caracoli;1;15;334,387861688889;4,2414
1060;Paco;1;1;1459,4219557022218;20,5796
1061;Paco;1;2;923,8297652399998;12,2985
1062;Paco;1;3;1211,419297586668;17,5956
1063;Paco;1;4;946,8429808622227;14,0042
1064;Paco;1;5;826,358705702222;10,9533
1065;Cambulo;1;1;465,235413613334;2,5757000000000003
1066;Cambulo;1;2;362,8465144488887;2,4065
1067;Cambulo;1;3;333,469870693334;1,4304
1068;Cambulo;1;4;515,723341311111;2,9462999999999995
1069;Cambulo;1;5;437,65346160888896;2,8577999999999997
1070;Cambulo;1;6;623,0497933244451;2,8155
1071;Cambulo;1;7;738,141964573333;4,098800000000001
1072;Cambulo;1;8;398,162716217778;1,4394
1073;Cambulo;1;9;567,41951032;2,6973999999999996
1074;Cambulo;1;10;650,6789136933339;3,0496
1075;Cambulo;1;11;637,9631685155559;5,7736
1076;Cambulo;1;12;644,8344809377779;3,7375000000000003
1077;Cambulo;1;13;807,128349897778;4,7895
1078;Cambulo;1;14;463,531187631111;1,6718999999999997
1079;Cambulo;1;15;466,18544755555604;2,5329000000000006
1080;Casco de vaca;1;1;123,213230275556;0,5641
1081;Casco de vaca;1;2;114,938694853333;0,5501999999999998
1082;Casco de vaca;1;3;119,467001208889;0,631
1083;Casco de vaca;1;4;110,877699391111;0,5194999999999999
1084;Casco de vaca;1;5;122,910578551111;0,5893000000000002
1085;Casco de vaca;1;6;130,478233666667;0,6723000000000001
1086;Casco de vaca;1;7;139,910257813333;0,6945999999999999
1087;Casco de vaca;1;8;110,254188093333;0,5667
1088;Casco de vaca;1;9;126,944620662222;0,5364
1089;Casco de vaca;1;10;118,023993342222;0,5975999999999999
1090;Casco de vaca;1;11;131,011924355556;0,6266
1091;Casco de vaca;1;12;81,6776144222222;0,4096000000000002
1092;Casco de vaca;1;13;99,2433140577778;0,40110000000000023
1093;Casco de vaca;1;14;58,4504207333333;0,2638999999999998
1094;Casco de vaca;1;15;89,7068456755556;0,4282999999999999
1095;Arbol del pan;1;1;334,32879370666603;3,7901
1096;Arbol del pan;1;2;423,7443138;4,452
1097;Arbol del pan;1;3;561,752711617778;5,7777
1098;Arbol del pan;1;4;403,080842582223;4,617900000000001
1099;Arbol del pan;1;5;453,187767457777;4,641
1100;Arbol del pan;1;6;312,8955032400004;7,471599999999999
1101;Arbol del pan;1;7;546,297832133334;7,2397
1102;Arbol del pan;1;8;577,251820404444;10,5954
1103;Arbol del pan;1;9;675,665171964444;7,5161
1104;Arbol del pan;1;10;935,140495306667;4,4613
1105;Arbol del pan;1;11;763,159692315555;5,8524
1106;Arbol del pan;1;12;832,2337477155561;8,629299999999999
1107;Arbol del pan;1;13;846,660887320001;8,7812
1108;Arbol del pan;1;14;734,297671186667;9,4561
1109;Saman;1;1;224,758403528889;3,4071
1110;Saman;1;2;166,988554911111;2,5545
1111;Saman;1;3;168,075577826667;2,0826000000000002
1112;Saman;1;4;198,837236733333;2,7759
1113;Saman;1;5;190,321769893333;2,4509
1114;Saman;1;6;176,897352297778;2,891
1115;Saman;1;7;137,749832026667;1,949
1116;Saman;1;8;336,328789706667;4,335800000000001
1117;Saman;1;9;284,432836151111;3,2079999999999997
1118;Saman;1;10;216,178635742222;3,0405
1119;Saman;1;11;377,862398395556;5,5323
1120;Saman;1;12;155,269295195556;1,8557
1121;Saman;1;13;173,6802978;2,0092
1122;Saman;1;14;255,073826768889;3,338
1123;Saman;1;15;225,206502991111;2,593
1124;Tulipan afrincano;1;1;435,662067742222;4,6898
1125;Tulipan afrincano;1;2;523,816730142222;4,2151000000000005
1126;Tulipan afrincano;1;3;548,176824791111;3,7028
1127;Tulipan afrincano;1;4;421,143960577778;3,1986999999999997
1128;Tulipan afrincano;1;5;541,843862546667;5,9108
1129;Tulipan afrincano;1;6;345,58282137777803;3,085
1130;Tulipan afrincano;1;7;511,87352822222306;3,4462
1131;Tulipan afrincano;1;8;669,90575696;6,244800000000001
1132;Tulipan afrincano;1;9;429,48967865333407;3,1175999999999995
1133;Tulipan afrincano;1;10;152,78392382222188;1,4657000000000002
1134;Tulipan afrincano;1;11;703,484041057778;7,2695
1135;Tulipan afrincano;1;12;469,98192741777797;4,7271
1136;Tulipan afrincano;1;13;524,346119764444;4,560300000000001
1137;Tulipan afrincano;1;14;355,532120475556;3,1982999999999997
1138;Tulipan afrincano;1;15;192,22341483555527;1,5773000000000001
1139;Velero;1;1;237,92920156;1,0066000000000002
1140;Velero;1;2;280,383668622222;1,4054000000000002
1141;Velero;1;3;228,012232146667;1,0207000000000002
1142;Velero;1;4;207,180302484444;1,0052999999999999
1143;Velero;1;5;199,601894702222;0,9993999999999998
1144;Velero;1;6;229,746135488889;1,3700999999999999
1145;Velero;1;7;233,925123546667;1,2183000000000002
1146;Velero;1;8;207,703885666667;1,0835000000000001
1147;Velero;1;9;225,074245191111;1,1858000000000002
1148;Velero;1;10;181,973901284444;0,7144000000000001
1149;Velero;1;11;161,548064;0,6483000000000001
1150;Velero;1;12;233,103834866667;1,3779000000000001
1151;Velero;1;13;214,034482324444;0,9023999999999999
1152;Velero;1;14;158,973445493333;0,6417000000000002
1153;Velero;1;15;58,6096318844445;0,34739999999999993
1154;Ariza;1;1;526,523104657778;7,7961
1155;Ariza;1;2;454,6990906;6,3151
1156;Ariza;1;3;253,583292115555;3,3974
1157;Ariza;1;4;567,845387604444;7,5280000000000005
1158;Ariza;1;5;707,6243912;9,335899999999999
1159;Ariza;1;6;997,106464564444;12,8982
1160;Ariza;1;7;1079,1721785688892;15,023299999999999
1161;Ariza;1;8;750,382800306667;10,478100000000001
1162;Ariza;1;9;791,610101364444;10,993599999999999
1163;Ariza;1;10;481,285990831111;7,316800000000001
1164;Ariza;1;11;285,5800023155552;2,7991999999999995
1165;Ariza;1;12;851,561235942222;9,7419
1166;Ariza;1;13;766,395958244444;8,6194
1167;Ariza;1;14;826,734188822222;9,586300000000001
1168;Ariza;1;15;1055,37143764;14,4211
